This is pdfTeX, Version 3.141592653-2.6-1.40.27 (MiKTeX 25.4) (preloaded format=pdflatex 2025.9.30)  12 JAN 2026 11:46
entering extended mode
 restricted \write18 enabled.
 file:line:error style messages enabled.
 %&-line parsing enabled.
**c:/Users/maria/OneDrive/Documentos/memoria/TFM_report/Main.tex
(c:/Users/maria/OneDrive/Documentos/memoria/TFM_report/Main.tex
LaTeX2e <2025-06-01> patch level 1
L3 programming layer <2025-09-02>
(C:\Users\maria\AppData\Local\Programs\MiKTeX\tex/latex/base\article.cls
Document Class: article 2025/01/22 v1.4n Standard LaTeX document class
(C:\Users\maria\AppData\Local\Programs\MiKTeX\tex/latex/base\size11.clo
File: size11.clo 2025/01/22 v1.4n Standard LaTeX file (size option)
)
\c@part=\count275
\c@section=\count276
\c@subsection=\count277
\c@subsubsection=\count278
\c@paragraph=\count279
\c@subparagraph=\count280
\c@figure=\count281
\c@table=\count282
\abovecaptionskip=\skip49
\belowcaptionskip=\skip50
\bibindent=\dimen148
) (preamble.sty (C:\Users\maria\AppData\Local\Programs\MiKTeX\tex/latex/base\inputenc.sty
Package: inputenc 2024/02/08 v1.3d Input encoding file
\inpenc@prehook=\toks17
\inpenc@posthook=\toks18
) (C:\Users\maria\AppData\Local\Programs\MiKTeX\tex/generic/babel\babel.sty
Package: babel 2025/08/03 v25.12 The multilingual framework for LuaLaTeX, pdfLaTeX and XeLaTeX
\babel@savecnt=\count283
LaTeX Encoding Info:    Redeclaring text command \ij (encoding OT1) on input line 2045.
LaTeX Encoding Info:    Redeclaring text command \IJ (encoding OT1) on input line 2047.
LaTeX Encoding Info:    Redeclaring text command \ij (encoding T1) on input line 2049.
LaTeX Encoding Info:    Redeclaring text command \IJ (encoding T1) on input line 2050.
LaTeX Encoding Info:    Ignoring declaration for text command \ij (encoding ?) on input line 2051.
LaTeX Encoding Info:    Ignoring declaration for text command \IJ (encoding ?) on input line 2053.
LaTeX Encoding Info:    Ignoring declaration for text command \SS (encoding ?) on input line 2078.
\U@D=\dimen149
\l@unhyphenated=\language79
 (C:\Users\maria\AppData\Local\Programs\MiKTeX\tex/generic/babel\txtbabel.def)
\bbl@readstream=\read2
\bbl@dirlevel=\count284

*************************************
* Local config file bblopts.cfg used
*
(C:\Users\maria\AppData\Local\Programs\MiKTeX\tex/latex/arabi\bblopts.cfg
File: bblopts.cfg 2005/09/08 v0.1 add Arabic and Farsi to "declared" options of babel
) (C:\Users\maria\AppData\Local\Programs\MiKTeX\tex/latex/babel-english\english.ldf
Language: english 2017/06/06 v3.3r English support from the babel system
 (C:\Users\maria\AppData\Local\Programs\MiKTeX\tex/generic/babel/locale/en\babel-english.tex
Package babel Info: Importing font and identification data for english
(babel)             from babel-en.ini. Reported on input line 12.
)
Package babel Info: Hyphen rules for 'canadian' set to \l@english
(babel)             (\language0). Reported on input line 102.
Package babel Info: Hyphen rules for 'australian' set to \l@ukenglish
(babel)             (\language73). Reported on input line 105.
Package babel Info: Hyphen rules for 'newzealand' set to \l@ukenglish
(babel)             (\language73). Reported on input line 108.
)) (C:\Users\maria\AppData\Local\Programs\MiKTeX\tex/latex/lipsum\lipsum.sty (C:\Users\maria\AppData\Local\Programs\MiKTeX\tex/latex/l3packages/l3keys2e\l3keys2e.sty (C:\Users\maria\AppData\Local\Programs\MiKTeX\tex/latex/l3kernel\expl3.sty
Package: expl3 2025-09-02 L3 programming layer (loader) 
 (C:\Users\maria\AppData\Local\Programs\MiKTeX\tex/latex/l3backend\l3backend-pdftex.def
File: l3backend-pdftex.def 2025-06-09 L3 backend support: PDF output (pdfTeX)
\l__color_backend_stack_int=\count285
))
Package: l3keys2e 2024-08-16 LaTeX2e option processing using LaTeX3 keys
)
Package: lipsum 2021-09-20 v2.7 150 paragraphs of Lorem Ipsum dummy text
\g__lipsum_par_int=\count286
\l__lipsum_a_int=\count287
\l__lipsum_b_int=\count288
 (C:\Users\maria\AppData\Local\Programs\MiKTeX\tex/latex/lipsum\lipsum.ltd.tex)) (C:\Users\maria\AppData\Local\Programs\MiKTeX\tex/latex/base\fontenc.sty
Package: fontenc 2024/12/21 v2.1c Standard LaTeX package
) (C:\Users\maria\AppData\Local\Programs\MiKTeX\tex/latex/parskip\parskip.sty
Package: parskip 2021-03-14 v2.0h non-zero parskip adjustments
 (C:\Users\maria\AppData\Local\Programs\MiKTeX\tex/latex/kvoptions\kvoptions.sty
Package: kvoptions 2022-06-15 v3.15 Key value format for package options (HO)
 (C:\Users\maria\AppData\Local\Programs\MiKTeX\tex/latex/graphics\keyval.sty
Package: keyval 2022/05/29 v1.15 key=value parser (DPC)
\KV@toks@=\toks19
) (C:\Users\maria\AppData\Local\Programs\MiKTeX\tex/generic/ltxcmds\ltxcmds.sty
Package: ltxcmds 2023-12-04 v1.26 LaTeX kernel commands for general use (HO)
) (C:\Users\maria\AppData\Local\Programs\MiKTeX\tex/latex/kvsetkeys\kvsetkeys.sty
Package: kvsetkeys 2022-10-05 v1.19 Key value parser (HO)
)) (C:\Users\maria\AppData\Local\Programs\MiKTeX\tex/latex/etoolbox\etoolbox.sty
Package: etoolbox 2025/02/11 v2.5l e-TeX tools for LaTeX (JAW)
\etb@tempcnta=\count289
)) (C:\Users\maria\AppData\Local\Programs\MiKTeX\tex/latex/geometry\geometry.sty
Package: geometry 2020/01/02 v5.9 Page Geometry
 (C:\Users\maria\AppData\Local\Programs\MiKTeX\tex/generic/iftex\ifvtex.sty
Package: ifvtex 2019/10/25 v1.7 ifvtex legacy package. Use iftex instead.
 (C:\Users\maria\AppData\Local\Programs\MiKTeX\tex/generic/iftex\iftex.sty
Package: iftex 2024/12/12 v1.0g TeX engine tests
))
\Gm@cnth=\count290
\Gm@cntv=\count291
\c@Gm@tempcnt=\count292
\Gm@bindingoffset=\dimen150
\Gm@wd@mp=\dimen151
\Gm@odd@mp=\dimen152
\Gm@even@mp=\dimen153
\Gm@layoutwidth=\dimen154
\Gm@layoutheight=\dimen155
\Gm@layouthoffset=\dimen156
\Gm@layoutvoffset=\dimen157
\Gm@dimlist=\toks20
 (C:\Users\maria\AppData\Local\Programs\MiKTeX\tex/latex/geometry\geometry.cfg)) (C:\Users\maria\AppData\Local\Programs\MiKTeX\tex/latex/amsfonts\amssymb.sty
Package: amssymb 2013/01/14 v3.01 AMS font symbols
 (C:\Users\maria\AppData\Local\Programs\MiKTeX\tex/latex/amsfonts\amsfonts.sty
Package: amsfonts 2013/01/14 v3.01 Basic AMSFonts support
\@emptytoks=\toks21
\symAMSa=\mathgroup4
\symAMSb=\mathgroup5
LaTeX Font Info:    Redeclaring math symbol \hbar on input line 98.
LaTeX Font Info:    Overwriting math alphabet `\mathfrak' in version `bold'
(Font)                  U/euf/m/n --> U/euf/b/n on input line 106.
)) (C:\Users\maria\AppData\Local\Programs\MiKTeX\tex/latex/float\float.sty
Package: float 2001/11/08 v1.3d Float enhancements (AL)
\c@float@type=\count293
\float@exts=\toks22
\float@box=\box53
\@float@everytoks=\toks23
\@floatcapt=\box54
) (C:\Users\maria\AppData\Local\Programs\MiKTeX\tex/latex/tools\verbatim.sty
Package: verbatim 2024-01-22 v1.5x LaTeX2e package for verbatim enhancements
\every@verbatim=\toks24
\verbatim@line=\toks25
\verbatim@in@stream=\read3
) (C:\Users\maria\AppData\Local\Programs\MiKTeX\tex/latex/amsmath\amsmath.sty
Package: amsmath 2025/06/16 v2.17y AMS math features
\@mathmargin=\skip51

For additional information on amsmath, use the `?' option.
(C:\Users\maria\AppData\Local\Programs\MiKTeX\tex/latex/amsmath\amstext.sty
Package: amstext 2024/11/17 v2.01 AMS text
 (C:\Users\maria\AppData\Local\Programs\MiKTeX\tex/latex/amsmath\amsgen.sty
File: amsgen.sty 1999/11/30 v2.0 generic functions
\@emptytoks=\toks26
\ex@=\dimen158
)) (C:\Users\maria\AppData\Local\Programs\MiKTeX\tex/latex/amsmath\amsbsy.sty
Package: amsbsy 1999/11/29 v1.2d Bold Symbols
\pmbraise@=\dimen159
) (C:\Users\maria\AppData\Local\Programs\MiKTeX\tex/latex/amsmath\amsopn.sty
Package: amsopn 2022/04/08 v2.04 operator names
)
\inf@bad=\count294
LaTeX Info: Redefining \frac on input line 233.
\uproot@=\count295
\leftroot@=\count296
LaTeX Info: Redefining \overline on input line 398.
LaTeX Info: Redefining \colon on input line 409.
\classnum@=\count297
\DOTSCASE@=\count298
LaTeX Info: Redefining \ldots on input line 495.
LaTeX Info: Redefining \dots on input line 498.
LaTeX Info: Redefining \cdots on input line 619.
\Mathstrutbox@=\box55
\strutbox@=\box56
LaTeX Info: Redefining \big on input line 721.
LaTeX Info: Redefining \Big on input line 722.
LaTeX Info: Redefining \bigg on input line 723.
LaTeX Info: Redefining \Bigg on input line 724.
\big@size=\dimen160
LaTeX Font Info:    Redeclaring font encoding OML on input line 742.
LaTeX Font Info:    Redeclaring font encoding OMS on input line 743.
\macc@depth=\count299
LaTeX Info: Redefining \bmod on input line 904.
LaTeX Info: Redefining \pmod on input line 909.
LaTeX Info: Redefining \smash on input line 939.
LaTeX Info: Redefining \relbar on input line 969.
LaTeX Info: Redefining \Relbar on input line 970.
\c@MaxMatrixCols=\count300
\dotsspace@=\muskip17
\c@parentequation=\count301
\dspbrk@lvl=\count302
\tag@help=\toks27
\row@=\count303
\column@=\count304
\maxfields@=\count305
\andhelp@=\toks28
\eqnshift@=\dimen161
\alignsep@=\dimen162
\tagshift@=\dimen163
\tagwidth@=\dimen164
\totwidth@=\dimen165
\lineht@=\dimen166
\@envbody=\toks29
\multlinegap=\skip52
\multlinetaggap=\skip53
\mathdisplay@stack=\toks30
LaTeX Info: Redefining \[ on input line 2949.
LaTeX Info: Redefining \] on input line 2950.
) (C:\Users\maria\AppData\Local\Programs\MiKTeX\tex/latex/systeme\systeme.sty (C:\Users\maria\AppData\Local\Programs\MiKTeX\tex/latex/xstring\xstring.sty (C:\Users\maria\AppData\Local\Programs\MiKTeX\tex/generic/xstring\xstring.tex
\xs_counta=\count306
\xs_countb=\count307
)
Package: xstring 2023/08/22 v1.86 String manipulations (CT)
) (C:\Users\maria\AppData\Local\Programs\MiKTeX\tex/latex/simplekv\simplekv.sty (C:\Users\maria\AppData\Local\Programs\MiKTeX\tex/generic/simplekv\simplekv.tex)
Package: simplekv 2025/06/15 v0.32 Simple keyval package (CT)
) (C:\Users\maria\AppData\Local\Programs\MiKTeX\tex/generic/systeme\systeme.tex (C:\Users\maria\AppData\Local\Programs\MiKTeX\tex/generic/simplekv\simplekv.tex)
\SYS_tab_toks=\toks31
\SYS_preamble_toks=\toks32
\SYSeqnum=\count308
LaTeX Font Info:    Trying to load font information for U+msa on input line 469.
 (C:\Users\maria\AppData\Local\Programs\MiKTeX\tex/latex/amsfonts\umsa.fd
File: umsa.fd 2013/01/14 v3.01 AMS symbols A
)
LaTeX Font Info:    Trying to load font information for U+msb on input line 469.
 (C:\Users\maria\AppData\Local\Programs\MiKTeX\tex/latex/amsfonts\umsb.fd
File: umsb.fd 2013/01/14 v3.01 AMS symbols B
))
Package: systeme 2025/08/27 v0.44 Saisie naturelle de systèmes d'équations (CT)
) (C:\Users\maria\AppData\Local\Programs\MiKTeX\tex/latex/graphics\graphicx.sty
Package: graphicx 2024/12/31 v1.2e Enhanced LaTeX Graphics (DPC,SPQR)
 (C:\Users\maria\AppData\Local\Programs\MiKTeX\tex/latex/graphics\graphics.sty
Package: graphics 2024/08/06 v1.4g Standard LaTeX Graphics (DPC,SPQR)
 (C:\Users\maria\AppData\Local\Programs\MiKTeX\tex/latex/graphics\trig.sty
Package: trig 2023/12/02 v1.11 sin cos tan (DPC)
) (C:\Users\maria\AppData\Local\Programs\MiKTeX\tex/latex/graphics-cfg\graphics.cfg
File: graphics.cfg 2016/06/04 v1.11 sample graphics configuration
)
Package graphics Info: Driver file: pdftex.def on input line 106.
 (C:\Users\maria\AppData\Local\Programs\MiKTeX\tex/latex/graphics-def\pdftex.def
File: pdftex.def 2024/04/13 v1.2c Graphics/color driver for pdftex
))
\Gin@req@height=\dimen167
\Gin@req@width=\dimen168
) (C:\Users\maria\AppData\Local\Programs\MiKTeX\tex/latex/multirow\multirow.sty
Package: multirow 2024/11/12 v2.9 Span multiple rows of a table
\multirow@colwidth=\skip54
\multirow@cntb=\count309
\multirow@dima=\skip55
\bigstrutjot=\dimen169
) (C:\Users\maria\AppData\Local\Programs\MiKTeX\tex/latex/caption\caption.sty
Package: caption 2023/08/05 v3.6o Customizing captions (AR)
 (C:\Users\maria\AppData\Local\Programs\MiKTeX\tex/latex/caption\caption3.sty
Package: caption3 2023/07/31 v2.4d caption3 kernel (AR)
\caption@tempdima=\dimen170
\captionmargin=\dimen171
\caption@leftmargin=\dimen172
\caption@rightmargin=\dimen173
\caption@width=\dimen174
\caption@indent=\dimen175
\caption@parindent=\dimen176
\caption@hangindent=\dimen177
Package caption Info: Standard document class detected.
)
\c@caption@flags=\count310
\c@continuedfloat=\count311
Package caption Info: float package is loaded.
) (C:\Users\maria\AppData\Local\Programs\MiKTeX\tex/latex/caption\subcaption.sty
Package: subcaption 2023/07/28 v1.6b Sub-captions (AR)
Package caption Info: New subtype `subfigure' on input line 238.
\c@subfigure=\count312
Package caption Info: New subtype `subtable' on input line 238.
\c@subtable=\count313
) (C:\Users\maria\AppData\Local\Programs\MiKTeX\tex/latex/wrapfig\wrapfig.sty
\wrapoverhang=\dimen178
\WF@size=\dimen179
\c@WF@wrappedlines=\count314
\WF@box=\box57
\WF@everypar=\toks33
Package: wrapfig 2003/01/31  v 3.6
) (C:\Users\maria\AppData\Local\Programs\MiKTeX\tex/latex/todonotes\todonotes.sty
Package: todonotes 2024/01/05 v1.1.7 Todonotes source and documentation.
Package: todonotes 2024/01/05
 (C:\Users\maria\AppData\Local\Programs\MiKTeX\tex/latex/base\ifthen.sty
Package: ifthen 2024/03/16 v1.1e Standard LaTeX ifthen package (DPC)
) (C:\Users\maria\AppData\Local\Programs\MiKTeX\tex/latex/xkeyval\xkeyval.sty
Package: xkeyval 2022/06/16 v2.9 package option processing (HA)
 (C:\Users\maria\AppData\Local\Programs\MiKTeX\tex/generic/xkeyval\xkeyval.tex (C:\Users\maria\AppData\Local\Programs\MiKTeX\tex/generic/xkeyval\xkvutils.tex
\XKV@toks=\toks34
\XKV@tempa@toks=\toks35
)
\XKV@depth=\count315
File: xkeyval.tex 2014/12/03 v2.7a key=value parser (HA)
)) (C:\Users\maria\AppData\Local\Programs\MiKTeX\tex/latex/xcolor\xcolor.sty
Package: xcolor 2024/09/29 v3.02 LaTeX color extensions (UK)
 (C:\Users\maria\AppData\Local\Programs\MiKTeX\tex/latex/graphics-cfg\color.cfg
File: color.cfg 2016/01/02 v1.6 sample color configuration
)
Package xcolor Info: Driver file: pdftex.def on input line 274.
 (C:\Users\maria\AppData\Local\Programs\MiKTeX\tex/latex/graphics\mathcolor.ltx)
Package xcolor Info: Model `cmy' substituted by `cmy0' on input line 1349.
Package xcolor Info: Model `hsb' substituted by `rgb' on input line 1353.
Package xcolor Info: Model `RGB' extended on input line 1365.
Package xcolor Info: Model `HTML' substituted by `rgb' on input line 1367.
Package xcolor Info: Model `Hsb' substituted by `hsb' on input line 1368.
Package xcolor Info: Model `tHsb' substituted by `hsb' on input line 1369.
Package xcolor Info: Model `HSB' substituted by `hsb' on input line 1370.
Package xcolor Info: Model `Gray' substituted by `gray' on input line 1371.
Package xcolor Info: Model `wave' substituted by `hsb' on input line 1372.
) (C:\Users\maria\AppData\Local\Programs\MiKTeX\tex/latex/pgf/frontendlayer\tikz.sty (C:\Users\maria\AppData\Local\Programs\MiKTeX\tex/latex/pgf/basiclayer\pgf.sty (C:\Users\maria\AppData\Local\Programs\MiKTeX\tex/latex/pgf/utilities\pgfrcs.sty (C:\Users\maria\AppData\Local\Programs\MiKTeX\tex/generic/pgf/utilities\pgfutil-common.tex
\pgfutil@everybye=\toks36
\pgfutil@tempdima=\dimen180
\pgfutil@tempdimb=\dimen181
) (C:\Users\maria\AppData\Local\Programs\MiKTeX\tex/generic/pgf/utilities\pgfutil-latex.def
\pgfutil@abb=\box58
) (C:\Users\maria\AppData\Local\Programs\MiKTeX\tex/generic/pgf/utilities\pgfrcs.code.tex (C:\Users\maria\AppData\Local\Programs\MiKTeX\tex/generic/pgf\pgf.revision.tex)
Package: pgfrcs 2025-08-29 v3.1.11a (3.1.11a)
))
Package: pgf 2025-08-29 v3.1.11a (3.1.11a)
 (C:\Users\maria\AppData\Local\Programs\MiKTeX\tex/latex/pgf/basiclayer\pgfcore.sty (C:\Users\maria\AppData\Local\Programs\MiKTeX\tex/latex/pgf/systemlayer\pgfsys.sty (C:\Users\maria\AppData\Local\Programs\MiKTeX\tex/generic/pgf/systemlayer\pgfsys.code.tex
Package: pgfsys 2025-08-29 v3.1.11a (3.1.11a)
 (C:\Users\maria\AppData\Local\Programs\MiKTeX\tex/generic/pgf/utilities\pgfkeys.code.tex
\pgfkeys@pathtoks=\toks37
\pgfkeys@temptoks=\toks38
 (C:\Users\maria\AppData\Local\Programs\MiKTeX\tex/generic/pgf/utilities\pgfkeyslibraryfiltered.code.tex
\pgfkeys@tmptoks=\toks39
))
\pgf@x=\dimen182
\pgf@y=\dimen183
\pgf@xa=\dimen184
\pgf@ya=\dimen185
\pgf@xb=\dimen186
\pgf@yb=\dimen187
\pgf@xc=\dimen188
\pgf@yc=\dimen189
\pgf@xd=\dimen190
\pgf@yd=\dimen191
\w@pgf@writea=\write3
\r@pgf@reada=\read4
\c@pgf@counta=\count316
\c@pgf@countb=\count317
\c@pgf@countc=\count318
\c@pgf@countd=\count319
\t@pgf@toka=\toks40
\t@pgf@tokb=\toks41
\t@pgf@tokc=\toks42
\pgf@sys@id@count=\count320
 (C:\Users\maria\AppData\Local\Programs\MiKTeX\tex/generic/pgf/systemlayer\pgf.cfg
File: pgf.cfg 2025-08-29 v3.1.11a (3.1.11a)
)
Driver file for pgf: pgfsys-pdftex.def
 (C:\Users\maria\AppData\Local\Programs\MiKTeX\tex/generic/pgf/systemlayer\pgfsys-pdftex.def
File: pgfsys-pdftex.def 2025-08-29 v3.1.11a (3.1.11a)
 (C:\Users\maria\AppData\Local\Programs\MiKTeX\tex/generic/pgf/systemlayer\pgfsys-common-pdf.def
File: pgfsys-common-pdf.def 2025-08-29 v3.1.11a (3.1.11a)
))) (C:\Users\maria\AppData\Local\Programs\MiKTeX\tex/generic/pgf/systemlayer\pgfsyssoftpath.code.tex
File: pgfsyssoftpath.code.tex 2025-08-29 v3.1.11a (3.1.11a)
\pgfsyssoftpath@smallbuffer@items=\count321
\pgfsyssoftpath@bigbuffer@items=\count322
) (C:\Users\maria\AppData\Local\Programs\MiKTeX\tex/generic/pgf/systemlayer\pgfsysprotocol.code.tex
File: pgfsysprotocol.code.tex 2025-08-29 v3.1.11a (3.1.11a)
)) (C:\Users\maria\AppData\Local\Programs\MiKTeX\tex/generic/pgf/basiclayer\pgfcore.code.tex
Package: pgfcore 2025-08-29 v3.1.11a (3.1.11a)
 (C:\Users\maria\AppData\Local\Programs\MiKTeX\tex/generic/pgf/math\pgfmath.code.tex (C:\Users\maria\AppData\Local\Programs\MiKTeX\tex/generic/pgf/math\pgfmathutil.code.tex) (C:\Users\maria\AppData\Local\Programs\MiKTeX\tex/generic/pgf/math\pgfmathparser.code.tex
\pgfmath@dimen=\dimen192
\pgfmath@count=\count323
\pgfmath@box=\box59
\pgfmath@toks=\toks43
\pgfmath@stack@operand=\toks44
\pgfmath@stack@operation=\toks45
) (C:\Users\maria\AppData\Local\Programs\MiKTeX\tex/generic/pgf/math\pgfmathfunctions.code.tex) (C:\Users\maria\AppData\Local\Programs\MiKTeX\tex/generic/pgf/math\pgfmathfunctions.basic.code.tex) (C:\Users\maria\AppData\Local\Programs\MiKTeX\tex/generic/pgf/math\pgfmathfunctions.trigonometric.code.tex) (C:\Users\maria\AppData\Local\Programs\MiKTeX\tex/generic/pgf/math\pgfmathfunctions.random.code.tex) (C:\Users\maria\AppData\Local\Programs\MiKTeX\tex/generic/pgf/math\pgfmathfunctions.comparison.code.tex) (C:\Users\maria\AppData\Local\Programs\MiKTeX\tex/generic/pgf/math\pgfmathfunctions.base.code.tex) (C:\Users\maria\AppData\Local\Programs\MiKTeX\tex/generic/pgf/math\pgfmathfunctions.round.code.tex) (C:\Users\maria\AppData\Local\Programs\MiKTeX\tex/generic/pgf/math\pgfmathfunctions.misc.code.tex) (C:\Users\maria\AppData\Local\Programs\MiKTeX\tex/generic/pgf/math\pgfmathfunctions.integerarithmetics.code.tex) (C:\Users\maria\AppData\Local\Programs\MiKTeX\tex/generic/pgf/math\pgfmathcalc.code.tex) (C:\Users\maria\AppData\Local\Programs\MiKTeX\tex/generic/pgf/math\pgfmathfloat.code.tex
\c@pgfmathroundto@lastzeros=\count324
)) (C:\Users\maria\AppData\Local\Programs\MiKTeX\tex/generic/pgf/math\pgfint.code.tex) (C:\Users\maria\AppData\Local\Programs\MiKTeX\tex/generic/pgf/basiclayer\pgfcorepoints.code.tex
File: pgfcorepoints.code.tex 2025-08-29 v3.1.11a (3.1.11a)
\pgf@picminx=\dimen193
\pgf@picmaxx=\dimen194
\pgf@picminy=\dimen195
\pgf@picmaxy=\dimen196
\pgf@pathminx=\dimen197
\pgf@pathmaxx=\dimen198
\pgf@pathminy=\dimen199
\pgf@pathmaxy=\dimen256
\pgf@xx=\dimen257
\pgf@xy=\dimen258
\pgf@yx=\dimen259
\pgf@yy=\dimen260
\pgf@zx=\dimen261
\pgf@zy=\dimen262
) (C:\Users\maria\AppData\Local\Programs\MiKTeX\tex/generic/pgf/basiclayer\pgfcorepathconstruct.code.tex
File: pgfcorepathconstruct.code.tex 2025-08-29 v3.1.11a (3.1.11a)
\pgf@path@lastx=\dimen263
\pgf@path@lasty=\dimen264
) (C:\Users\maria\AppData\Local\Programs\MiKTeX\tex/generic/pgf/basiclayer\pgfcorepathusage.code.tex
File: pgfcorepathusage.code.tex 2025-08-29 v3.1.11a (3.1.11a)
\pgf@shorten@end@additional=\dimen265
\pgf@shorten@start@additional=\dimen266
) (C:\Users\maria\AppData\Local\Programs\MiKTeX\tex/generic/pgf/basiclayer\pgfcorescopes.code.tex
File: pgfcorescopes.code.tex 2025-08-29 v3.1.11a (3.1.11a)
\pgfpic=\box60
\pgf@hbox=\box61
\pgf@layerbox@main=\box62
\pgf@picture@serial@count=\count325
) (C:\Users\maria\AppData\Local\Programs\MiKTeX\tex/generic/pgf/basiclayer\pgfcoregraphicstate.code.tex
File: pgfcoregraphicstate.code.tex 2025-08-29 v3.1.11a (3.1.11a)
\pgflinewidth=\dimen267
) (C:\Users\maria\AppData\Local\Programs\MiKTeX\tex/generic/pgf/basiclayer\pgfcoretransformations.code.tex
File: pgfcoretransformations.code.tex 2025-08-29 v3.1.11a (3.1.11a)
\pgf@pt@x=\dimen268
\pgf@pt@y=\dimen269
\pgf@pt@temp=\dimen270
) (C:\Users\maria\AppData\Local\Programs\MiKTeX\tex/generic/pgf/basiclayer\pgfcorequick.code.tex
File: pgfcorequick.code.tex 2025-08-29 v3.1.11a (3.1.11a)
) (C:\Users\maria\AppData\Local\Programs\MiKTeX\tex/generic/pgf/basiclayer\pgfcoreobjects.code.tex
File: pgfcoreobjects.code.tex 2025-08-29 v3.1.11a (3.1.11a)
) (C:\Users\maria\AppData\Local\Programs\MiKTeX\tex/generic/pgf/basiclayer\pgfcorepathprocessing.code.tex
File: pgfcorepathprocessing.code.tex 2025-08-29 v3.1.11a (3.1.11a)
) (C:\Users\maria\AppData\Local\Programs\MiKTeX\tex/generic/pgf/basiclayer\pgfcorearrows.code.tex
File: pgfcorearrows.code.tex 2025-08-29 v3.1.11a (3.1.11a)
\pgfarrowsep=\dimen271
) (C:\Users\maria\AppData\Local\Programs\MiKTeX\tex/generic/pgf/basiclayer\pgfcoreshade.code.tex
File: pgfcoreshade.code.tex 2025-08-29 v3.1.11a (3.1.11a)
\pgf@max=\dimen272
\pgf@sys@shading@range@num=\count326
\pgf@shadingcount=\count327
) (C:\Users\maria\AppData\Local\Programs\MiKTeX\tex/generic/pgf/basiclayer\pgfcoreimage.code.tex
File: pgfcoreimage.code.tex 2025-08-29 v3.1.11a (3.1.11a)
) (C:\Users\maria\AppData\Local\Programs\MiKTeX\tex/generic/pgf/basiclayer\pgfcoreexternal.code.tex
File: pgfcoreexternal.code.tex 2025-08-29 v3.1.11a (3.1.11a)
\pgfexternal@startupbox=\box63
) (C:\Users\maria\AppData\Local\Programs\MiKTeX\tex/generic/pgf/basiclayer\pgfcorelayers.code.tex
File: pgfcorelayers.code.tex 2025-08-29 v3.1.11a (3.1.11a)
) (C:\Users\maria\AppData\Local\Programs\MiKTeX\tex/generic/pgf/basiclayer\pgfcoretransparency.code.tex
File: pgfcoretransparency.code.tex 2025-08-29 v3.1.11a (3.1.11a)
) (C:\Users\maria\AppData\Local\Programs\MiKTeX\tex/generic/pgf/basiclayer\pgfcorepatterns.code.tex
File: pgfcorepatterns.code.tex 2025-08-29 v3.1.11a (3.1.11a)
) (C:\Users\maria\AppData\Local\Programs\MiKTeX\tex/generic/pgf/basiclayer\pgfcorerdf.code.tex
File: pgfcorerdf.code.tex 2025-08-29 v3.1.11a (3.1.11a)
))) (C:\Users\maria\AppData\Local\Programs\MiKTeX\tex/generic/pgf/modules\pgfmoduleshapes.code.tex
File: pgfmoduleshapes.code.tex 2025-08-29 v3.1.11a (3.1.11a)
\pgfnodeparttextbox=\box64
) (C:\Users\maria\AppData\Local\Programs\MiKTeX\tex/generic/pgf/modules\pgfmoduleplot.code.tex
File: pgfmoduleplot.code.tex 2025-08-29 v3.1.11a (3.1.11a)
) (C:\Users\maria\AppData\Local\Programs\MiKTeX\tex/latex/pgf/compatibility\pgfcomp-version-0-65.sty
Package: pgfcomp-version-0-65 2025-08-29 v3.1.11a (3.1.11a)
\pgf@nodesepstart=\dimen273
\pgf@nodesepend=\dimen274
) (C:\Users\maria\AppData\Local\Programs\MiKTeX\tex/latex/pgf/compatibility\pgfcomp-version-1-18.sty
Package: pgfcomp-version-1-18 2025-08-29 v3.1.11a (3.1.11a)
)) (C:\Users\maria\AppData\Local\Programs\MiKTeX\tex/latex/pgf/utilities\pgffor.sty (C:\Users\maria\AppData\Local\Programs\MiKTeX\tex/latex/pgf/utilities\pgfkeys.sty (C:\Users\maria\AppData\Local\Programs\MiKTeX\tex/generic/pgf/utilities\pgfkeys.code.tex)) (C:\Users\maria\AppData\Local\Programs\MiKTeX\tex/latex/pgf/math\pgfmath.sty (C:\Users\maria\AppData\Local\Programs\MiKTeX\tex/generic/pgf/math\pgfmath.code.tex)) (C:\Users\maria\AppData\Local\Programs\MiKTeX\tex/generic/pgf/utilities\pgffor.code.tex
Package: pgffor 2025-08-29 v3.1.11a (3.1.11a)
\pgffor@iter=\dimen275
\pgffor@skip=\dimen276
\pgffor@stack=\toks46
\pgffor@toks=\toks47
)) (C:\Users\maria\AppData\Local\Programs\MiKTeX\tex/generic/pgf/frontendlayer/tikz\tikz.code.tex
Package: tikz 2025-08-29 v3.1.11a (3.1.11a)
 (C:\Users\maria\AppData\Local\Programs\MiKTeX\tex/generic/pgf/libraries\pgflibraryplothandlers.code.tex
File: pgflibraryplothandlers.code.tex 2025-08-29 v3.1.11a (3.1.11a)
\pgf@plot@mark@count=\count328
\pgfplotmarksize=\dimen277
)
\tikz@lastx=\dimen278
\tikz@lasty=\dimen279
\tikz@lastxsaved=\dimen280
\tikz@lastysaved=\dimen281
\tikz@lastmovetox=\dimen282
\tikz@lastmovetoy=\dimen283
\tikzleveldistance=\dimen284
\tikzsiblingdistance=\dimen285
\tikz@figbox=\box65
\tikz@figbox@bg=\box66
\tikz@tempbox=\box67
\tikz@tempbox@bg=\box68
\tikztreelevel=\count329
\tikznumberofchildren=\count330
\tikznumberofcurrentchild=\count331
\tikz@fig@count=\count332
 (C:\Users\maria\AppData\Local\Programs\MiKTeX\tex/generic/pgf/modules\pgfmodulematrix.code.tex
File: pgfmodulematrix.code.tex 2025-08-29 v3.1.11a (3.1.11a)
\pgfmatrixcurrentrow=\count333
\pgfmatrixcurrentcolumn=\count334
\pgf@matrix@numberofcolumns=\count335
)
\tikz@expandcount=\count336
 (C:\Users\maria\AppData\Local\Programs\MiKTeX\tex/generic/pgf/frontendlayer/tikz/libraries\tikzlibrarytopaths.code.tex
File: tikzlibrarytopaths.code.tex 2025-08-29 v3.1.11a (3.1.11a)
))) (C:\Users\maria\AppData\Local\Programs\MiKTeX\tex/generic/pgf/frontendlayer/tikz/libraries\tikzlibrarypositioning.code.tex
File: tikzlibrarypositioning.code.tex 2025-08-29 v3.1.11a (3.1.11a)
) (C:\Users\maria\AppData\Local\Programs\MiKTeX\tex/latex/tools\calc.sty
Package: calc 2025/03/01 v4.3b Infix arithmetic (KKT,FJ)
\calc@Acount=\count337
\calc@Bcount=\count338
\calc@Adimen=\dimen286
\calc@Bdimen=\dimen287
\calc@Askip=\skip56
\calc@Bskip=\skip57
LaTeX Info: Redefining \setlength on input line 86.
LaTeX Info: Redefining \addtolength on input line 87.
\calc@Ccount=\count339
\calc@Cskip=\skip58
)
\c@@todonotes@numberoftodonotes=\count340
) (C:\Users\maria\AppData\Local\Programs\MiKTeX\tex/latex/hyperref\hyperref.sty
Package: hyperref 2025-07-12 v7.01o Hypertext links for LaTeX
 (C:\Users\maria\AppData\Local\Programs\MiKTeX\tex/generic/kvdefinekeys\kvdefinekeys.sty
Package: kvdefinekeys 2019-12-19 v1.6 Define keys (HO)
) (C:\Users\maria\AppData\Local\Programs\MiKTeX\tex/generic/pdfescape\pdfescape.sty
Package: pdfescape 2019/12/09 v1.15 Implements pdfTeX's escape features (HO)
 (C:\Users\maria\AppData\Local\Programs\MiKTeX\tex/generic/pdftexcmds\pdftexcmds.sty
Package: pdftexcmds 2020-06-27 v0.33 Utility functions of pdfTeX for LuaTeX (HO)
 (C:\Users\maria\AppData\Local\Programs\MiKTeX\tex/generic/infwarerr\infwarerr.sty
Package: infwarerr 2019/12/03 v1.5 Providing info/warning/error messages (HO)
)
Package pdftexcmds Info: \pdf@primitive is available.
Package pdftexcmds Info: \pdf@ifprimitive is available.
Package pdftexcmds Info: \pdfdraftmode found.
)) (C:\Users\maria\AppData\Local\Programs\MiKTeX\tex/latex/hycolor\hycolor.sty
Package: hycolor 2020-01-27 v1.10 Color options for hyperref/bookmark (HO)
) (C:\Users\maria\AppData\Local\Programs\MiKTeX\tex/latex/hyperref\nameref.sty
Package: nameref 2025-06-21 v2.57 Cross-referencing by name of section
 (C:\Users\maria\AppData\Local\Programs\MiKTeX\tex/latex/refcount\refcount.sty
Package: refcount 2019/12/15 v3.6 Data extraction from label references (HO)
) (C:\Users\maria\AppData\Local\Programs\MiKTeX\tex/generic/gettitlestring\gettitlestring.sty
Package: gettitlestring 2019/12/15 v1.6 Cleanup title references (HO)
)
\c@section@level=\count341
) (C:\Users\maria\AppData\Local\Programs\MiKTeX\tex/generic/stringenc\stringenc.sty
Package: stringenc 2019/11/29 v1.12 Convert strings between diff. encodings (HO)
)
\@linkdim=\dimen288
\Hy@linkcounter=\count342
\Hy@pagecounter=\count343
 (C:\Users\maria\AppData\Local\Programs\MiKTeX\tex/latex/hyperref\pd1enc.def
File: pd1enc.def 2025-07-12 v7.01o Hyperref: PDFDocEncoding definition (HO)
Now handling font encoding PD1 ...
... no UTF-8 mapping file for font encoding PD1
) (C:\Users\maria\AppData\Local\Programs\MiKTeX\tex/generic/intcalc\intcalc.sty
Package: intcalc 2019/12/15 v1.3 Expandable calculations with integers (HO)
)
\Hy@SavedSpaceFactor=\count344
 (C:\Users\maria\AppData\Local\Programs\MiKTeX\tex/latex/hyperref\puenc.def
File: puenc.def 2025-07-12 v7.01o Hyperref: PDF Unicode definition (HO)
Now handling font encoding PU ...
... no UTF-8 mapping file for font encoding PU
)
Package hyperref Info: Option `colorlinks' set `true' on input line 4066.
Package hyperref Info: Hyper figures OFF on input line 4195.
Package hyperref Info: Link nesting OFF on input line 4200.
Package hyperref Info: Hyper index ON on input line 4203.
Package hyperref Info: Plain pages OFF on input line 4210.
Package hyperref Info: Backreferencing OFF on input line 4215.
Package hyperref Info: Implicit mode ON; LaTeX internals redefined.
Package hyperref Info: Bookmarks ON on input line 4462.
\c@Hy@tempcnt=\count345
 (C:\Users\maria\AppData\Local\Programs\MiKTeX\tex/latex/url\url.sty
\Urlmuskip=\muskip18
Package: url 2013/09/16  ver 3.4  Verb mode for urls, etc.
)
LaTeX Info: Redefining \url on input line 4801.
\XeTeXLinkMargin=\dimen289
 (C:\Users\maria\AppData\Local\Programs\MiKTeX\tex/generic/bitset\bitset.sty
Package: bitset 2019/12/09 v1.3 Handle bit-vector datatype (HO)
 (C:\Users\maria\AppData\Local\Programs\MiKTeX\tex/generic/bigintcalc\bigintcalc.sty
Package: bigintcalc 2019/12/15 v1.5 Expandable calculations on big integers (HO)
))
\Fld@menulength=\count346
\Field@Width=\dimen290
\Fld@charsize=\dimen291
Package hyperref Info: Hyper figures OFF on input line 6078.
Package hyperref Info: Link nesting OFF on input line 6083.
Package hyperref Info: Hyper index ON on input line 6086.
Package hyperref Info: backreferencing OFF on input line 6093.
Package hyperref Info: Link coloring ON on input line 6096.
Package hyperref Info: Link coloring with OCG OFF on input line 6103.
Package hyperref Info: PDF/A mode OFF on input line 6108.
\Hy@abspage=\count347
\c@Item=\count348
\c@Hfootnote=\count349
)
Package hyperref Info: Driver (autodetected): hpdftex.

(C:\Users\maria\AppData\Local\Programs\MiKTeX\tex/latex/hyperref\hpdftex.def
File: hpdftex.def 2025-07-12 v7.01o Hyperref driver for pdfTeX
\Fld@listcount=\count350
\c@bookmark@seq@number=\count351
 (C:\Users\maria\AppData\Local\Programs\MiKTeX\tex/latex/rerunfilecheck\rerunfilecheck.sty
Package: rerunfilecheck 2025-06-21 v1.11 Rerun checks for auxiliary files (HO)
 (C:\Users\maria\AppData\Local\Programs\MiKTeX\tex/generic/uniquecounter\uniquecounter.sty
Package: uniquecounter 2019/12/15 v1.4 Provide unlimited unique counter (HO)
)
Package uniquecounter Info: New unique counter `rerunfilecheck' on input line 284.
)
\Hy@SectionHShift=\skip59
) (C:\Users\maria\AppData\Local\Programs\MiKTeX\tex/latex/titlesec\titlesec.sty
Package: titlesec 2025/01/04 v2.17 Sectioning titles
\ttl@box=\box69
\beforetitleunit=\skip60
\aftertitleunit=\skip61
\ttl@plus=\dimen292
\ttl@minus=\dimen293
\ttl@toksa=\toks48
\titlewidth=\dimen294
\titlewidthlast=\dimen295
\titlewidthfirst=\dimen296
) (C:\Users\maria\AppData\Local\Programs\MiKTeX\tex/latex/fancyhdr\fancyhdr.sty
Package: fancyhdr 2025/02/07 v5.2 Extensive control of page headers and footers
\f@nch@headwidth=\skip62
\f@nch@offset@elh=\skip63
\f@nch@offset@erh=\skip64
\f@nch@offset@olh=\skip65
\f@nch@offset@orh=\skip66
\f@nch@offset@elf=\skip67
\f@nch@offset@erf=\skip68
\f@nch@offset@olf=\skip69
\f@nch@offset@orf=\skip70
\f@nch@height=\skip71
\f@nch@footalignment=\skip72
\f@nch@widthL=\skip73
\f@nch@widthC=\skip74
\f@nch@widthR=\skip75
\@temptokenb=\toks49
) (C:\Users\maria\AppData\Local\Programs\MiKTeX\tex/latex/draftwatermark\draftwatermark.sty
Package: draftwatermark 2024/03/04 3.3 Put a gray textual watermark on document pages
) (C:\Users\maria\AppData\Local\Programs\MiKTeX\tex/latex/transparent\transparent.sty
Package: transparent 2025-06-23 v1.6 Transparency with color stacks
 (C:\Users\maria\AppData\Local\Programs\MiKTeX\tex/latex/transparent\transparent-nometadata.sty
Package: transparent-nometadata 2025-06-23 v1.6 Transparency via pdfTeX's color stack (HO)
 (C:\Users\maria\AppData\Local\Programs\MiKTeX\tex/latex/auxhook\auxhook.sty
Package: auxhook 2019-12-17 v1.6 Hooks for auxiliary files (HO)
))) (C:\Users\maria\AppData\Local\Programs\MiKTeX\tex/latex/base\textcomp.sty
Package: textcomp 2024/04/24 v2.1b Standard LaTeX package
) (C:\Users\maria\AppData\Local\Programs\MiKTeX\tex/latex/varwidth\varwidth.sty
Package: varwidth 2009/03/30 ver 0.92;  Variable-width minipages
\@vwid@box=\box70
\sift@deathcycles=\count352
\@vwid@loff=\dimen297
\@vwid@roff=\dimen298
)
==> First Aid for varwidth.sty applied!
(C:\Users\maria\AppData\Local\Programs\MiKTeX\tex/latex/eurosym\eurosym.sty
Package: eurosym 1998/08/06 v1.1 European currency symbol ``Euro''
\@eurobox=\box71
) (C:\Users\maria\AppData\Local\Programs\MiKTeX\tex/latex/placeins\placeins.sty
Package: placeins 2005/04/18  v 2.2
) (C:\Users\maria\AppData\Local\Programs\MiKTeX\tex/latex/fancyref\fancyref.sty
Package: fancyref 1999/02/03 v0.9c Fancy cross-referencing
 (C:\Users\maria\AppData\Local\Programs\MiKTeX\tex/latex/tools\varioref.sty
Package: varioref 2025/01/14 v1.6g package for extended references (FMi)
\c@vrcnt=\count353
)) (C:\Users\maria\AppData\Local\Programs\MiKTeX\tex/latex/tools\array.sty
Package: array 2025/06/08 v2.6j Tabular extension package (FMi)
\col@sep=\dimen299
\ar@mcellbox=\box72
\extrarowheight=\dimen300
\NC@list=\toks50
\extratabsurround=\skip76
\backup@length=\skip77
\ar@cellbox=\box73
) (C:\Users\maria\AppData\Local\Programs\MiKTeX\tex/latex/tools\longtable.sty
Package: longtable 2024-12-18 v4.23 Multi-page Table package (DPC)
\LTleft=\skip78
\LTright=\skip79
\LTpre=\skip80
\LTpost=\skip81
\LTchunksize=\count354
\LTcapwidth=\dimen301
\LT@head=\box74
\LT@firsthead=\box75
\LT@foot=\box76
\LT@lastfoot=\box77
\LT@gbox=\box78
\LT@cols=\count355
\LT@rows=\count356
\c@LT@tables=\count357
\c@LT@chunks=\count358
\LT@p@ftn=\toks51
) (C:\Users\maria\AppData\Local\Programs\MiKTeX\tex/latex/mathtools\mathtools.sty
Package: mathtools 2024/10/04 v1.31 mathematical typesetting tools
 (C:\Users\maria\AppData\Local\Programs\MiKTeX\tex/latex/mathtools\mhsetup.sty
Package: mhsetup 2021/03/18 v1.4 programming setup (MH)
)
\g_MT_multlinerow_int=\count359
\l_MT_multwidth_dim=\dimen302
\origjot=\skip82
\l_MT_shortvdotswithinadjustabove_dim=\dimen303
\l_MT_shortvdotswithinadjustbelow_dim=\dimen304
\l_MT_above_intertext_sep=\dimen305
\l_MT_below_intertext_sep=\dimen306
\l_MT_above_shortintertext_sep=\dimen307
\l_MT_below_shortintertext_sep=\dimen308
\xmathstrut@box=\box79
\xmathstrut@dim=\dimen309
) (C:\Users\maria\AppData\Local\Programs\MiKTeX\tex/latex/commath\commath.sty) (C:\Users\maria\AppData\Local\Programs\MiKTeX\tex/latex/koma-script\scrextend.sty
Package: scrextend 2025/09/09 v3.48 KOMA-Script package (extend other classes with features of KOMA-Script classes)
 (C:\Users\maria\AppData\Local\Programs\MiKTeX\tex/latex/koma-script\scrkbase.sty
Package: scrkbase 2025/09/09 v3.48 KOMA-Script package (KOMA-Script-dependent basics and keyval usage)
 (C:\Users\maria\AppData\Local\Programs\MiKTeX\tex/latex/koma-script\scrbase.sty
Package: scrbase 2025/09/09 v3.48 KOMA-Script package (KOMA-Script-independent basics and keyval usage)
 (C:\Users\maria\AppData\Local\Programs\MiKTeX\tex/latex/koma-script\scrlfile.sty
Package: scrlfile 2025/09/09 v3.48 KOMA-Script package (file load hooks)
 (C:\Users\maria\AppData\Local\Programs\MiKTeX\tex/latex/koma-script\scrlfile-hook.sty
Package: scrlfile-hook 2025/09/09 v3.48 KOMA-Script package (using LaTeX hooks)
 (C:\Users\maria\AppData\Local\Programs\MiKTeX\tex/latex/koma-script\scrlogo.sty
Package: scrlogo 2025/09/09 v3.48 KOMA-Script package (logo)
)))
Applying: [2021/05/01] Usage of raw or classic option list on input line 254.
Already applied: [0000/00/00] Usage of raw or classic option list on input line 370.
))

LaTeX Warning: Command \@footnotemark  has changed.
               Check if current package is valid.

) (C:\Users\maria\AppData\Local\Programs\MiKTeX\tex/latex/tex-gyre\tgpagella.sty
Package: tgpagella 2009/09/27 v1.2 TeX Gyre Pagella as default roman family
) (C:\Users\maria\AppData\Local\Programs\MiKTeX\tex/latex/tocloft\tocloft.sty
Package: tocloft 2017/08/31 v2.3i parameterised ToC, etc., typesetting
Package tocloft Info: The document has section divisions on input line 51.
\cftparskip=\skip83
\cftbeforetoctitleskip=\skip84
\cftaftertoctitleskip=\skip85
\cftbeforepartskip=\skip86
\cftpartnumwidth=\skip87
\cftpartindent=\skip88
\cftbeforesecskip=\skip89
\cftsecindent=\skip90
\cftsecnumwidth=\skip91
\cftbeforesubsecskip=\skip92
\cftsubsecindent=\skip93
\cftsubsecnumwidth=\skip94
\cftbeforesubsubsecskip=\skip95
\cftsubsubsecindent=\skip96
\cftsubsubsecnumwidth=\skip97
\cftbeforeparaskip=\skip98
\cftparaindent=\skip99
\cftparanumwidth=\skip100
\cftbeforesubparaskip=\skip101
\cftsubparaindent=\skip102
\cftsubparanumwidth=\skip103
\cftbeforeloftitleskip=\skip104
\cftafterloftitleskip=\skip105
\cftbeforefigskip=\skip106
\cftfigindent=\skip107
\cftfignumwidth=\skip108
\c@lofdepth=\count360
\c@lotdepth=\count361
\cftbeforelottitleskip=\skip109
\cftafterlottitleskip=\skip110
\cftbeforetabskip=\skip111
\cfttabindent=\skip112
\cfttabnumwidth=\skip113


Package tocloft Warning: \@starttoc has already been redefined; tocloft bailing out. on input line 1156.

) (C:\Users\maria\AppData\Local\Programs\MiKTeX\tex/latex/algorithms\algorithm.sty
Package: algorithm 2009/08/24 v0.1 Document Style `algorithm' - floating environment
\@float@every@algorithm=\toks52
\c@algorithm=\count362
) (C:\Users\maria\AppData\Local\Programs\MiKTeX\tex/latex/algorithms\algorithmic.sty
Package: algorithmic 2009/08/24 v0.1 Document Style `algorithmic'
\c@ALC@unique=\count363
\c@ALC@line=\count364
\c@ALC@rem=\count365
\c@ALC@depth=\count366
\ALC@tlm=\skip114
\algorithmicindent=\skip115
) (C:\Users\maria\AppData\Local\Programs\MiKTeX\tex/latex/tools\bm.sty
Package: bm 2023/12/19 v1.2f Bold Symbol Support (DPC/FMi)
\symboldoperators=\mathgroup6
\symboldletters=\mathgroup7
\symboldsymbols=\mathgroup8
Package bm Info: No bold for \OMX/cmex/m/n, using \pmb.
Package bm Info: No bold for \U/msa/m/n, using \pmb.
Package bm Info: No bold for \U/msb/m/n, using \pmb.
LaTeX Font Info:    Redeclaring math alphabet \mathbf on input line 149.
) (C:\Users\maria\AppData\Local\Programs\MiKTeX\tex/latex/pgfplots\pgfplots.sty (C:\Users\maria\AppData\Local\Programs\MiKTeX\tex/generic/pgfplots\pgfplots.revision.tex)
Package: pgfplots 2021/05/15 v1.18.1 Data Visualization (1.18.1)
 (C:\Users\maria\AppData\Local\Programs\MiKTeX\tex/generic/pgfplots\pgfplots.code.tex (C:\Users\maria\AppData\Local\Programs\MiKTeX\tex/generic/pgfplots\pgfplotscore.code.tex
\t@pgfplots@toka=\toks53
\t@pgfplots@tokb=\toks54
\t@pgfplots@tokc=\toks55
\pgfplots@tmpa=\dimen310
\c@pgfplots@coordindex=\count367
\c@pgfplots@scanlineindex=\count368
 (C:\Users\maria\AppData\Local\Programs\MiKTeX\tex/generic/pgfplots/sys\pgfplotssysgeneric.code.tex)) (C:\Users\maria\AppData\Local\Programs\MiKTeX\tex/generic/pgfplots/libs\pgfplotslibrary.code.tex) (C:\Users\maria\AppData\Local\Programs\MiKTeX\tex/generic/pgfplots/oldpgfcompatib\pgfplotsoldpgfsupp_loader.code.tex (C:\Users\maria\AppData\Local\Programs\MiKTeX\tex/generic/pgf/libraries\pgflibraryfpu.code.tex)
Package pgfplots: loading complementary utilities for your pgf version...
\t@pgf@toka=\toks56
\t@pgf@tokb=\toks57
\t@pgf@tokc=\toks58
(C:\Users\maria\AppData\Local\Programs\MiKTeX\tex/generic/pgfplots/oldpgfcompatib\pgfplotsoldpgfsupp_pgfutil-common-lists.tex)) (C:\Users\maria\AppData\Local\Programs\MiKTeX\tex/generic/pgfplots/util\pgfplotsutil.code.tex (C:\Users\maria\AppData\Local\Programs\MiKTeX\tex/generic/pgfplots/liststructure\pgfplotsliststructure.code.tex) (C:\Users\maria\AppData\Local\Programs\MiKTeX\tex/generic/pgfplots/liststructure\pgfplotsliststructureext.code.tex) (C:\Users\maria\AppData\Local\Programs\MiKTeX\tex/generic/pgfplots/liststructure\pgfplotsarray.code.tex
\c@pgfplotsarray@tmp=\count369
) (C:\Users\maria\AppData\Local\Programs\MiKTeX\tex/generic/pgfplots/liststructure\pgfplotsmatrix.code.tex) (C:\Users\maria\AppData\Local\Programs\MiKTeX\tex/generic/pgfplots/numtable\pgfplotstableshared.code.tex
\c@pgfplotstable@counta=\count370
\t@pgfplotstable@a=\toks59
) (C:\Users\maria\AppData\Local\Programs\MiKTeX\tex/generic/pgfplots/liststructure\pgfplotsdeque.code.tex) (C:\Users\maria\AppData\Local\Programs\MiKTeX\tex/generic/pgfplots/util\pgfplotsbinary.code.tex (C:\Users\maria\AppData\Local\Programs\MiKTeX\tex/generic/pgfplots/util\pgfplotsbinary.data.code.tex)) (C:\Users\maria\AppData\Local\Programs\MiKTeX\tex/generic/pgfplots/util\pgfplotsutil.verb.code.tex) (C:\Users\maria\AppData\Local\Programs\MiKTeX\tex/generic/pgfplots/libs\pgflibrarypgfplots.surfshading.code.tex
\c@pgfplotslibrarysurf@no=\count371
 (C:\Users\maria\AppData\Local\Programs\MiKTeX\tex/generic/pgfplots/sys\pgflibrarypgfplots.surfshading.pgfsys-pdftex.def))) (C:\Users\maria\AppData\Local\Programs\MiKTeX\tex/generic/pgfplots/util\pgfplotscolormap.code.tex (C:\Users\maria\AppData\Local\Programs\MiKTeX\tex/generic/pgfplots/util\pgfplotscolor.code.tex)
LaTeX Font Info:    Trying to load font information for T1+qpl on input line 2482.
 (C:\Users\maria\AppData\Local\Programs\MiKTeX\tex/latex/tex-gyre\t1qpl.fd
File: t1qpl.fd 2009/09/25 v1.2 font definition file for T1/qpl
)) (C:\Users\maria\AppData\Local\Programs\MiKTeX\tex/generic/pgfplots\pgfplotsstackedplots.code.tex) (C:\Users\maria\AppData\Local\Programs\MiKTeX\tex/generic/pgfplots\pgfplotsplothandlers.code.tex (C:\Users\maria\AppData\Local\Programs\MiKTeX\tex/generic/pgfplots\pgfplotsmeshplothandler.code.tex (C:\Users\maria\AppData\Local\Programs\MiKTeX\tex/generic/pgfplots\pgfplotsmeshplotimage.code.tex))) (C:\Users\maria\AppData\Local\Programs\MiKTeX\tex/generic/pgfplots\pgfplots.scaling.code.tex) (C:\Users\maria\AppData\Local\Programs\MiKTeX\tex/generic/pgfplots\pgfplotscoordprocessing.code.tex) (C:\Users\maria\AppData\Local\Programs\MiKTeX\tex/generic/pgfplots\pgfplots.errorbars.code.tex) (C:\Users\maria\AppData\Local\Programs\MiKTeX\tex/generic/pgfplots\pgfplots.markers.code.tex) (C:\Users\maria\AppData\Local\Programs\MiKTeX\tex/generic/pgfplots\pgfplotsticks.code.tex) (C:\Users\maria\AppData\Local\Programs\MiKTeX\tex/generic/pgfplots\pgfplots.paths.code.tex) (C:\Users\maria\AppData\Local\Programs\MiKTeX\tex/generic/pgf/frontendlayer/tikz/libraries\tikzlibrarydecorations.code.tex (C:\Users\maria\AppData\Local\Programs\MiKTeX\tex/generic/pgf/modules\pgfmoduledecorations.code.tex
\pgfdecoratedcompleteddistance=\dimen311
\pgfdecoratedremainingdistance=\dimen312
\pgfdecoratedinputsegmentcompleteddistance=\dimen313
\pgfdecoratedinputsegmentremainingdistance=\dimen314
\pgf@decorate@distancetomove=\dimen315
\pgf@decorate@repeatstate=\count372
\pgfdecorationsegmentamplitude=\dimen316
\pgfdecorationsegmentlength=\dimen317
)
\tikz@lib@dec@box=\box80
) (C:\Users\maria\AppData\Local\Programs\MiKTeX\tex/generic/pgf/frontendlayer/tikz/libraries\tikzlibrarydecorations.pathmorphing.code.tex (C:\Users\maria\AppData\Local\Programs\MiKTeX\tex/generic/pgf/libraries/decorations\pgflibrarydecorations.pathmorphing.code.tex)) (C:\Users\maria\AppData\Local\Programs\MiKTeX\tex/generic/pgf/frontendlayer/tikz/libraries\tikzlibrarydecorations.pathreplacing.code.tex (C:\Users\maria\AppData\Local\Programs\MiKTeX\tex/generic/pgf/libraries/decorations\pgflibrarydecorations.pathreplacing.code.tex)) (C:\Users\maria\AppData\Local\Programs\MiKTeX\tex/generic/pgfplots/libs\tikzlibrarypgfplots.contourlua.code.tex)
\pgfplots@numplots=\count373
\pgfplots@xmin@reg=\dimen318
\pgfplots@xmax@reg=\dimen319
\pgfplots@ymin@reg=\dimen320
\pgfplots@ymax@reg=\dimen321
\pgfplots@zmin@reg=\dimen322
\pgfplots@zmax@reg=\dimen323
) (C:\Users\maria\AppData\Local\Programs\MiKTeX\tex/generic/pgf/frontendlayer/tikz/libraries\tikzlibraryplotmarks.code.tex
File: tikzlibraryplotmarks.code.tex 2025-08-29 v3.1.11a (3.1.11a)
 (C:\Users\maria\AppData\Local\Programs\MiKTeX\tex/generic/pgf/libraries\pgflibraryplotmarks.code.tex
File: pgflibraryplotmarks.code.tex 2025-08-29 v3.1.11a (3.1.11a)
))) (C:\Users\maria\AppData\Local\Programs\MiKTeX\tex/latex/circuitikz\circuitikz.sty
Package: circuitikz 2025/07/08{} The CircuiTikz circuit drawing package version 1.8.2
 (C:\Users\maria\AppData\Local\Programs\MiKTeX\tex/generic/pgf/frontendlayer/tikz/libraries\tikzlibrarycalc.code.tex
File: tikzlibrarycalc.code.tex 2025-08-29 v3.1.11a (3.1.11a)
) (C:\Users\maria\AppData\Local\Programs\MiKTeX\tex/generic/pgf/libraries\pgflibraryarrows.meta.code.tex
File: pgflibraryarrows.meta.code.tex 2025-08-29 v3.1.11a (3.1.11a)
\pgfarrowinset=\dimen324
\pgfarrowlength=\dimen325
\pgfarrowwidth=\dimen326
\pgfarrowlinewidth=\dimen327
) (C:\Users\maria\AppData\Local\Programs\MiKTeX\tex/generic/pgf/frontendlayer/tikz/libraries\tikzlibrarybending.code.tex
File: tikzlibrarybending.code.tex 2025-08-29 v3.1.11a (3.1.11a)
 (C:\Users\maria\AppData\Local\Programs\MiKTeX\tex/generic/pgf/modules\pgfmodulebending.code.tex
File: pgfmodulebending.code.tex 2025-08-29 v3.1.11a (3.1.11a)
 (C:\Users\maria\AppData\Local\Programs\MiKTeX\tex/generic/pgf/modules\pgfmodulenonlineartransformations.code.tex
File: pgfmodulenonlineartransformations.code.tex 2025-08-29 v3.1.11a (3.1.11a)
\pgftransformnonlinearflatness=\dimen328
) (C:\Users\maria\AppData\Local\Programs\MiKTeX\tex/generic/pgf/libraries\pgflibrarycurvilinear.code.tex
File: pgflibrarycurvilinear.code.tex 2025-08-29 v3.1.11a (3.1.11a)
\pgf@curvilinear@time@a=\dimen329
\pgf@curvilinear@length@a=\dimen330
\pgf@curvilinear@length@b=\dimen331
\pgf@curvilinear@length@c=\dimen332
\pgf@curvilinear@length@d=\dimen333
)
\pgf@arrows@the@rigidity=\dimen334
)) (C:\Users\maria\AppData\Local\Programs\MiKTeX\tex/generic/pgf/frontendlayer/tikz/libraries\tikzlibraryfpu.code.tex) (C:\Users\maria\AppData\Local\Programs\MiKTeX\tex/generic/circuitikz\pgfcirc.defines.tex
\pgf@circ@count@a=\count374
\pgf@circ@count@b=\count375
\pgf@circ@count@c=\count376
\pgf@circ@res@up=\dimen335
\pgf@circ@res@down=\dimen336
\pgf@circ@res@zero=\dimen337
\pgf@circ@res@left=\dimen338
\pgf@circ@res@right=\dimen339
\pgf@circ@res@other=\dimen340
\pgf@circ@res@step=\dimen341
\pgf@circ@res@temp=\dimen342
\pgf@circ@Rlen=\dimen343
\pgf@circ@scaled@Rlen=\dimen344
\pgfstartlinewidth=\dimen345
) (C:\Users\maria\AppData\Local\Programs\MiKTeX\tex/generic/circuitikz\pgfcircutils.tex
\ctikz@scratchbox=\box81
) (C:\Users\maria\AppData\Local\Programs\MiKTeX\tex/generic/circuitikz\pgfcircpath.tex) (C:\Users\maria\AppData\Local\Programs\MiKTeX\tex/generic/circuitikz\pgfcircshapes.tex) (C:\Users\maria\AppData\Local\Programs\MiKTeX\tex/generic/circuitikz\pgfcircmonopoles.tex) (C:\Users\maria\AppData\Local\Programs\MiKTeX\tex/generic/circuitikz\pgfcircbipoles.tex) (C:\Users\maria\AppData\Local\Programs\MiKTeX\tex/generic/circuitikz\pgfcirctripoles.tex
\pgf@circ@res@count=\count377
) (C:\Users\maria\AppData\Local\Programs\MiKTeX\tex/generic/circuitikz\pgfcircquadpoles.tex) (C:\Users\maria\AppData\Local\Programs\MiKTeX\tex/generic/circuitikz\pgfcircmultipoles.tex) (C:\Users\maria\AppData\Local\Programs\MiKTeX\tex/generic/circuitikz\pgfcirclabel.tex) (C:\Users\maria\AppData\Local\Programs\MiKTeX\tex/generic/circuitikz\pgfcircvoltage.tex
\pgfcirc@labelshift=\dimen346
) (C:\Users\maria\AppData\Local\Programs\MiKTeX\tex/generic/circuitikz\pgfcirccurrent.tex) (C:\Users\maria\AppData\Local\Programs\MiKTeX\tex/generic/circuitikz\pgfcircflow.tex) (C:\Users\maria\AppData\Local\Programs\MiKTeX\tex/latex/siunitx\siunitx.sty
Package: siunitx 2025-07-09 v3.4.14 A comprehensive (SI) units package
\l__siunitx_number_uncert_offset_int=\count378
\l__siunitx_number_exponent_fixed_int=\count379
\l__siunitx_number_min_decimal_int=\count380
\l__siunitx_number_min_integer_int=\count381
\l__siunitx_number_round_precision_int=\count382
\l__siunitx_number_lower_threshold_int=\count383
\l__siunitx_number_upper_threshold_int=\count384
\l__siunitx_number_group_first_int=\count385
\l__siunitx_number_group_size_int=\count386
\l__siunitx_number_group_minimum_int=\count387
\l__siunitx_angle_tmp_dim=\dimen347
\l__siunitx_angle_marker_box=\box82
\l__siunitx_angle_unit_box=\box83
\l__siunitx_compound_count_int=\count388
 (C:\Users\maria\AppData\Local\Programs\MiKTeX\tex/latex/translations\translations.sty
Package: translations 2022/02/05 v1.12 internationalization of LaTeX2e packages (CN)
)
\l__siunitx_table_tmp_box=\box84
\l__siunitx_table_tmp_dim=\dimen348
\l__siunitx_table_column_width_dim=\dimen349
\l__siunitx_table_integer_box=\box85
\l__siunitx_table_decimal_box=\box86
\l__siunitx_table_uncert_box=\box87
\l__siunitx_table_before_box=\box88
\l__siunitx_table_after_box=\box89
\l__siunitx_table_before_dim=\dimen350
\l__siunitx_table_carry_dim=\dimen351
\l__siunitx_unit_tmp_int=\count389
\l__siunitx_unit_position_int=\count390
\l__siunitx_unit_total_int=\count391
)) (C:\Users\maria\AppData\Local\Programs\MiKTeX\tex/latex/frame\frame.sty
Package: frame 2010/05/15 package wrapper for frame.tex (hv)
 (C:\Users\maria\AppData\Local\Programs\MiKTeX\tex/generic/frame\frame.tex   v1.0  2010/05/15  <tvz>
\fancyboxA=\box90
\fancyboxB=\box91
\fancyboxD=\dimen352
)
File: frame.tex 2010/05/15 v1.0 `frame' (tvz,hv)
) (C:\Users\maria\AppData\Local\Programs\MiKTeX\tex/latex/svg\svg.sty
Package: svg 2020/11/26 v2.02k (include SVG pictures)
 (C:\Users\maria\AppData\Local\Programs\MiKTeX\tex/latex/trimspaces\trimspaces.sty
Package: trimspaces 2009/09/17 v1.1 Trim spaces around a token list
) (C:\Users\maria\AppData\Local\Programs\MiKTeX\tex/latex/tools\shellesc.sty
Package: shellesc 2023/07/08 v1.0d unified shell escape interface for LaTeX
Package shellesc Info: Restricted shell escape enabled on input line 77.
)
\c@svg@param@lastpage=\count392
\svg@box=\box92
\c@svg@param@currpage=\count393
) (C:\Users\maria\AppData\Local\Programs\MiKTeX\tex/latex/pgfgantt\pgfgantt.sty
Package: pgfgantt 2024/06/19 v5.0a Draw Gantt diagrams with TikZ
 (C:\Users\maria\AppData\Local\Programs\MiKTeX\tex/generic/pgf/frontendlayer/tikz/libraries\tikzlibraryarrows.code.tex
File: tikzlibraryarrows.code.tex 2025-08-29 v3.1.11a (3.1.11a)
 (C:\Users\maria\AppData\Local\Programs\MiKTeX\tex/generic/pgf/libraries\pgflibraryarrows.code.tex
File: pgflibraryarrows.code.tex 2025-08-29 v3.1.11a (3.1.11a)
\arrowsize=\dimen353
)) (C:\Users\maria\AppData\Local\Programs\MiKTeX\tex/generic/pgf/frontendlayer/tikz/libraries\tikzlibrarybackgrounds.code.tex
File: tikzlibrarybackgrounds.code.tex 2025-08-29 v3.1.11a (3.1.11a)
\pgf@layerbox@background=\box93
\pgf@layerboxsaved@background=\box94
) (C:\Users\maria\AppData\Local\Programs\MiKTeX\tex/generic/pgf/frontendlayer/tikz/libraries\tikzlibrarypatterns.code.tex
File: tikzlibrarypatterns.code.tex 2025-08-29 v3.1.11a (3.1.11a)
 (C:\Users\maria\AppData\Local\Programs\MiKTeX\tex/generic/pgf/libraries\pgflibrarypatterns.code.tex
File: pgflibrarypatterns.code.tex 2025-08-29 v3.1.11a (3.1.11a)
)) (C:\Users\maria\AppData\Local\Programs\MiKTeX\tex/generic/pgf/frontendlayer/tikz/libraries\tikzlibraryshapes.geometric.code.tex
File: tikzlibraryshapes.geometric.code.tex 2025-08-29 v3.1.11a (3.1.11a)
 (C:\Users\maria\AppData\Local\Programs\MiKTeX\tex/generic/pgf/libraries/shapes\pgflibraryshapes.geometric.code.tex
File: pgflibraryshapes.geometric.code.tex 2025-08-29 v3.1.11a (3.1.11a)
)) (C:\Users\maria\AppData\Local\Programs\MiKTeX\tex/latex/pgf/utilities\pgfcalendar.sty (C:\Users\maria\AppData\Local\Programs\MiKTeX\tex/generic/pgf/utilities\pgfcalendar.code.tex
File: pgfcalendar.code.tex 2025-08-29 v3.1.11a (3.1.11a)
\pgfcalendarcurrentjulian=\count394
\pgf@cal@easter@Y=\count395
\pgf@cal@easter@G=\count396
\pgf@cal@easter@C=\count397
\pgf@cal@easter@X=\count398
\pgf@cal@easter@Z=\count399
\pgf@cal@easter@D=\count400
\pgf@cal@easter@E=\count401
\pgf@cal@easter@N=\count402
\pgf@cal@easter@M=\count403
\pgf@cal@easter@julianday=\count404
))
\gtt@currentline=\count405
\gtt@lasttitleline=\count406
\gtt@currgrid=\count407
\gtt@chartwidth=\count408
\gtt@lasttitleslot=\count409
\gtt@elementid=\count410
\gtt@today@slot=\count411
\gtt@startjulian=\count412
\gtt@endjulian=\count413
\gtt@chartid=\count414
\gtt@vrule@slot=\count415
\gtt@calendar@slots=\count416
\gtt@calendar@weeknumber=\count417
\gtt@calendar@startofweek=\count418
\gtt@left@slot=\count419
\gtt@right@slot=\count420
) (C:\Users\maria\AppData\Local\Programs\MiKTeX\tex/latex/csquotes\csquotes.sty
Package: csquotes 2024-04-04 v5.2o context-sensitive quotations (JAW)
\csq@reset=\count421
\csq@gtype=\count422
\csq@glevel=\count423
\csq@qlevel=\count424
\csq@maxlvl=\count425
\csq@tshold=\count426
\csq@ltx@everypar=\toks60
 (C:\Users\maria\AppData\Local\Programs\MiKTeX\tex/latex/csquotes\csquotes.def
File: csquotes.def 2024-04-04 v5.2o csquotes generic definitions (JAW)
)
Package csquotes Info: Trying to load configuration file 'csquotes.cfg'...
Package csquotes Info: ... configuration file loaded successfully.
 (C:\Users\maria\AppData\Local\Programs\MiKTeX\tex/latex/csquotes\csquotes.cfg
File: csquotes.cfg 
)) (C:\Users\maria\AppData\Local\Programs\MiKTeX\tex/generic/pgf/frontendlayer/tikz/libraries\tikzlibraryshapes.code.tex
File: tikzlibraryshapes.code.tex 2025-08-29 v3.1.11a (3.1.11a)
 (C:\Users\maria\AppData\Local\Programs\MiKTeX\tex/generic/pgf/frontendlayer/tikz/libraries\tikzlibraryshapes.misc.code.tex
File: tikzlibraryshapes.misc.code.tex 2025-08-29 v3.1.11a (3.1.11a)
 (C:\Users\maria\AppData\Local\Programs\MiKTeX\tex/generic/pgf/libraries/shapes\pgflibraryshapes.misc.code.tex
File: pgflibraryshapes.misc.code.tex 2025-08-29 v3.1.11a (3.1.11a)
)) (C:\Users\maria\AppData\Local\Programs\MiKTeX\tex/generic/pgf/frontendlayer/tikz/libraries\tikzlibraryshapes.symbols.code.tex
File: tikzlibraryshapes.symbols.code.tex 2025-08-29 v3.1.11a (3.1.11a)
 (C:\Users\maria\AppData\Local\Programs\MiKTeX\tex/generic/pgf/libraries/shapes\pgflibraryshapes.symbols.code.tex
File: pgflibraryshapes.symbols.code.tex 2025-08-29 v3.1.11a (3.1.11a)
)) (C:\Users\maria\AppData\Local\Programs\MiKTeX\tex/generic/pgf/frontendlayer/tikz/libraries\tikzlibraryshapes.arrows.code.tex
File: tikzlibraryshapes.arrows.code.tex 2025-08-29 v3.1.11a (3.1.11a)
 (C:\Users\maria\AppData\Local\Programs\MiKTeX\tex/generic/pgf/libraries/shapes\pgflibraryshapes.arrows.code.tex
File: pgflibraryshapes.arrows.code.tex 2025-08-29 v3.1.11a (3.1.11a)
)) (C:\Users\maria\AppData\Local\Programs\MiKTeX\tex/generic/pgf/frontendlayer/tikz/libraries\tikzlibraryshapes.callouts.code.tex (C:\Users\maria\AppData\Local\Programs\MiKTeX\tex/generic/pgf/libraries/shapes\pgflibraryshapes.callouts.code.tex)) (C:\Users\maria\AppData\Local\Programs\MiKTeX\tex/generic/pgf/frontendlayer/tikz/libraries\tikzlibraryshapes.multipart.code.tex
File: tikzlibraryshapes.multipart.code.tex 2025-08-29 v3.1.11a (3.1.11a)
 (C:\Users\maria\AppData\Local\Programs\MiKTeX\tex/generic/pgf/libraries/shapes\pgflibraryshapes.multipart.code.tex
File: pgflibraryshapes.multipart.code.tex 2025-08-29 v3.1.11a (3.1.11a)
\pgfnodepartlowerbox=\box95
\pgfnodeparttwobox=\box96
\pgfnodepartthreebox=\box97
\pgfnodepartfourbox=\box98
\pgfnodeparttwentybox=\box99
\pgfnodepartnineteenbox=\box100
\pgfnodeparteighteenbox=\box101
\pgfnodepartseventeenbox=\box102
\pgfnodepartsixteenbox=\box103
\pgfnodepartfifteenbox=\box104
\pgfnodepartfourteenbox=\box105
\pgfnodepartthirteenbox=\box106
\pgfnodeparttwelvebox=\box107
\pgfnodepartelevenbox=\box108
\pgfnodeparttenbox=\box109
\pgfnodepartninebox=\box110
\pgfnodeparteightbox=\box111
\pgfnodepartsevenbox=\box112
\pgfnodepartsixbox=\box113
\pgfnodepartfivebox=\box114
))) (C:\Users\maria\AppData\Local\Programs\MiKTeX\tex/latex/biblatex\biblatex.sty
Package: biblatex 2025/07/10 v3.21 programmable bibliographies (PK/MW)
 (C:\Users\maria\AppData\Local\Programs\MiKTeX\tex/latex/logreq\logreq.sty
Package: logreq 2010/08/04 v1.0 xml request logger
\lrq@indent=\count427
 (C:\Users\maria\AppData\Local\Programs\MiKTeX\tex/latex/logreq\logreq.def
File: logreq.def 2010/08/04 v1.0 logreq spec v1.0
))
\c@tabx@nest=\count428
\c@listtotal=\count429
\c@listcount=\count430
\c@liststart=\count431
\c@liststop=\count432
\c@citecount=\count433
\c@citetotal=\count434
\c@multicitecount=\count435
\c@multicitetotal=\count436
\c@instcount=\count437
\c@maxnames=\count438
\c@minnames=\count439
\c@maxitems=\count440
\c@minitems=\count441
\c@citecounter=\count442
\c@maxcitecounter=\count443
\c@savedcitecounter=\count444
\c@uniquelist=\count445
\c@uniquename=\count446
\c@refsection=\count447
\c@refsegment=\count448
\c@maxextratitle=\count449
\c@maxextratitleyear=\count450
\c@maxextraname=\count451
\c@maxextradate=\count452
\c@maxextraalpha=\count453
\c@abbrvpenalty=\count454
\c@highnamepenalty=\count455
\c@lownamepenalty=\count456
\c@maxparens=\count457
\c@parenlevel=\count458
\blx@tempcnta=\count459
\blx@tempcntb=\count460
\blx@tempcntc=\count461
\c@blx@maxsection=\count462
\blx@maxsegment@0=\count463
\blx@notetype=\count464
\blx@parenlevel@text=\count465
\blx@parenlevel@foot=\count466
\blx@sectionciteorder@0=\count467
\blx@sectionciteorderinternal@0=\count468
\blx@entrysetcounter=\count469
\blx@biblioinstance=\count470
\labelnumberwidth=\skip116
\labelalphawidth=\skip117
\biblabelsep=\skip118
\bibitemsep=\skip119
\bibnamesep=\skip120
\bibinitsep=\skip121
\bibparsep=\skip122
\bibhang=\skip123
\blx@bcfin=\read5
\blx@bcfout=\write4
\blx@langwohyphens=\language80
\c@mincomprange=\count471
\c@maxcomprange=\count472
\c@mincompwidth=\count473
Package biblatex Info: Trying to load biblatex default data model...
Package biblatex Info: ... file 'blx-dm.def' found.
 (C:\Users\maria\AppData\Local\Programs\MiKTeX\tex/latex/biblatex\blx-dm.def
File: blx-dm.def 2025/07/10 v3.21 biblatex datamodel (PK/MW)
)
Package biblatex Info: Trying to load biblatex style data model...
Package biblatex Info: ... file 'ieee.dbx' not found.
Package biblatex Info: Trying to load biblatex custom data model...
Package biblatex Info: ... file 'biblatex-dm.cfg' not found.
\c@afterword=\count474
\c@savedafterword=\count475
\c@annotator=\count476
\c@savedannotator=\count477
\c@author=\count478
\c@savedauthor=\count479
\c@bookauthor=\count480
\c@savedbookauthor=\count481
\c@commentator=\count482
\c@savedcommentator=\count483
\c@editor=\count484
\c@savededitor=\count485
\c@editora=\count486
\c@savededitora=\count487
\c@editorb=\count488
\c@savededitorb=\count489
\c@editorc=\count490
\c@savededitorc=\count491
\c@foreword=\count492
\c@savedforeword=\count493
\c@holder=\count494
\c@savedholder=\count495
\c@introduction=\count496
\c@savedintroduction=\count497
\c@namea=\count498
\c@savednamea=\count499
\c@nameb=\count500
\c@savednameb=\count501
\c@namec=\count502
\c@savednamec=\count503
\c@translator=\count504
\c@savedtranslator=\count505
\c@shortauthor=\count506
\c@savedshortauthor=\count507
\c@shorteditor=\count508
\c@savedshorteditor=\count509
\c@labelname=\count510
\c@savedlabelname=\count511
\c@institution=\count512
\c@savedinstitution=\count513
\c@lista=\count514
\c@savedlista=\count515
\c@listb=\count516
\c@savedlistb=\count517
\c@listc=\count518
\c@savedlistc=\count519
\c@listd=\count520
\c@savedlistd=\count521
\c@liste=\count522
\c@savedliste=\count523
\c@listf=\count524
\c@savedlistf=\count525
\c@location=\count526
\c@savedlocation=\count527
\c@organization=\count528
\c@savedorganization=\count529
\c@origlocation=\count530
\c@savedoriglocation=\count531
\c@origpublisher=\count532
\c@savedorigpublisher=\count533
\c@publisher=\count534
\c@savedpublisher=\count535
\c@language=\count536
\c@savedlanguage=\count537
\c@origlanguage=\count538
\c@savedoriglanguage=\count539
\c@pageref=\count540
\c@savedpageref=\count541
\shorthandwidth=\skip124
\shortjournalwidth=\skip125
\shortserieswidth=\skip126
\shorttitlewidth=\skip127
\shortauthorwidth=\skip128
\shorteditorwidth=\skip129
\locallabelnumberwidth=\skip130
\locallabelalphawidth=\skip131
\localshorthandwidth=\skip132
\localshortjournalwidth=\skip133
\localshortserieswidth=\skip134
\localshorttitlewidth=\skip135
\localshortauthorwidth=\skip136
\localshorteditorwidth=\skip137
Package biblatex Info: Trying to load compatibility code...
Package biblatex Info: ... file 'blx-compat.def' found.
 (C:\Users\maria\AppData\Local\Programs\MiKTeX\tex/latex/biblatex\blx-compat.def
File: blx-compat.def 2025/07/10 v3.21 biblatex compatibility (PK/MW)
)
Package biblatex Info: Trying to load generic definitions...
Package biblatex Info: ... file 'biblatex.def' found.
 (C:\Users\maria\AppData\Local\Programs\MiKTeX\tex/latex/biblatex\biblatex.def
File: biblatex.def 2025/07/10 v3.21 biblatex compatibility (PK/MW)
\c@textcitecount=\count542
\c@textcitetotal=\count543
\c@textcitemaxnames=\count544
\c@biburlbigbreakpenalty=\count545
\c@biburlbreakpenalty=\count546
\c@biburlnumpenalty=\count547
\c@biburlucpenalty=\count548
\c@biburllcpenalty=\count549
\biburlbigskip=\muskip19
\biburlnumskip=\muskip20
\biburlucskip=\muskip21
\biburllcskip=\muskip22
\c@smartand=\count550
)
Package biblatex Info: Trying to load bibliography style 'ieee'...
Package biblatex Info: ... file 'ieee.bbx' found.
 (C:\Users\maria\AppData\Local\Programs\MiKTeX\tex/latex/biblatex-ieee\ieee.bbx
File: ieee.bbx 2025-08-01 v1.4f biblatex bibliography style
Package biblatex Info: Trying to load bibliography style 'numeric-comp'...
Package biblatex Info: ... file 'numeric-comp.bbx' found.
 (C:\Users\maria\AppData\Local\Programs\MiKTeX\tex/latex/biblatex/bbx\numeric-comp.bbx
File: numeric-comp.bbx 2025/07/10 v3.21 biblatex bibliography style (PK/MW)
Package biblatex Info: Trying to load bibliography style 'numeric'...
Package biblatex Info: ... file 'numeric.bbx' found.
 (C:\Users\maria\AppData\Local\Programs\MiKTeX\tex/latex/biblatex/bbx\numeric.bbx
File: numeric.bbx 2025/07/10 v3.21 biblatex bibliography style (PK/MW)
Package biblatex Info: Trying to load bibliography style 'standard'...
Package biblatex Info: ... file 'standard.bbx' found.
 (C:\Users\maria\AppData\Local\Programs\MiKTeX\tex/latex/biblatex/bbx\standard.bbx
File: standard.bbx 2025/07/10 v3.21 biblatex bibliography style (PK/MW)
\c@bbx:relatedcount=\count551
\c@bbx:relatedtotal=\count552
))))
Package biblatex Info: Trying to load citation style 'numeric-comp'...
Package biblatex Info: ... file 'numeric-comp.cbx' found.
 (C:\Users\maria\AppData\Local\Programs\MiKTeX\tex/latex/biblatex/cbx\numeric-comp.cbx
File: numeric-comp.cbx 2025/07/10 v3.21 biblatex citation style (PK/MW)
\c@cbx@tempcnta=\count553
\c@cbx@tempcntb=\count554
\c@cbx@tempcntc=\count555
\c@cbx@tempcntd=\count556
Package biblatex Info: Redefining '\cite'.
Package biblatex Info: Redefining '\parencite'.
Package biblatex Info: Redefining '\footcite'.
Package biblatex Info: Redefining '\footcitetext'.
Package biblatex Info: Redefining '\smartcite'.
Package biblatex Info: Redefining '\supercite'.
Package biblatex Info: Redefining '\textcite'.
Package biblatex Info: Redefining '\textcites'.
Package biblatex Info: Redefining '\cites'.
Package biblatex Info: Redefining '\parencites'.
Package biblatex Info: Redefining '\smartcites'.
)
Package biblatex Info: Trying to load configuration file...
Package biblatex Info: ... file 'biblatex.cfg' found.
 (C:\Users\maria\AppData\Local\Programs\MiKTeX\tex/latex/biblatex\biblatex.cfg
File: biblatex.cfg 
)
Package biblatex Info: Input encoding 'utf8' detected.
Package biblatex Info: Document encoding is UTF8 ....
Package biblatex Info: ... and expl3
(biblatex)             2025-09-02 L3 programming layer (loader) 
(biblatex)             is new enough (at least 2020/04/06),
(biblatex)             setting 'casechanger=expl3'.
 (C:\Users\maria\AppData\Local\Programs\MiKTeX\tex/latex/biblatex\blx-case-expl3.sty
(C:\Users\maria\AppData\Local\Programs\MiKTeX\tex/latex/l3packages/xparse\xparse.sty
Package: xparse 2024-08-16 L3 Experimental document command parser
)
Package: blx-case-expl3 2025/07/10 v3.21 expl3 case changing code for biblatex
)))
Package csquotes Info: Checking for multilingual support...
Package csquotes Info: ... found 'babel' package.
Package csquotes Info: Adjusting default style.
Package csquotes Info: Redefining alias 'default' -> 'english'.
 (Main.aux

LaTeX Warning: Label `eq:alg_eq_gen' multiply defined.


LaTeX Warning: Label `fig:block_diagram_general_EMT' multiply defined.

)
\openout1 = `Main.aux'.

LaTeX Font Info:    Checking defaults for OML/cmm/m/it on input line 5.
LaTeX Font Info:    ... okay on input line 5.
LaTeX Font Info:    Checking defaults for OMS/cmsy/m/n on input line 5.
LaTeX Font Info:    ... okay on input line 5.
LaTeX Font Info:    Checking defaults for OT1/cmr/m/n on input line 5.
LaTeX Font Info:    ... okay on input line 5.
LaTeX Font Info:    Checking defaults for T1/cmr/m/n on input line 5.
LaTeX Font Info:    ... okay on input line 5.
LaTeX Font Info:    Checking defaults for TS1/cmr/m/n on input line 5.
LaTeX Font Info:    ... okay on input line 5.
LaTeX Font Info:    Checking defaults for OMX/cmex/m/n on input line 5.
LaTeX Font Info:    ... okay on input line 5.
LaTeX Font Info:    Checking defaults for U/cmr/m/n on input line 5.
LaTeX Font Info:    ... okay on input line 5.
LaTeX Font Info:    Checking defaults for PD1/pdf/m/n on input line 5.
LaTeX Font Info:    ... okay on input line 5.
LaTeX Font Info:    Checking defaults for PU/pdf/m/n on input line 5.
LaTeX Font Info:    ... okay on input line 5.

*geometry* driver: auto-detecting
*geometry* detected driver: pdftex
*geometry* verbose mode - [ preamble ] result:
* driver: pdftex
* paper: a4paper
* layout: <same size as paper>
* layoutoffset:(h,v)=(0.0pt,0.0pt)
* modes: twoside heightrounded 
* h-part:(L,W,R)=(85.35826pt, 455.24411pt, 56.9055pt)
* v-part:(T,H,B)=(85.35826pt, 668.63986pt, 91.04872pt)
* \paperwidth=597.50787pt
* \paperheight=845.04684pt
* \textwidth=455.24411pt
* \textheight=663.8003pt
* \oddsidemargin=13.08827pt
* \evensidemargin=-15.36449pt
* \topmargin=-26.91173pt
* \headheight=15.0pt
* \headsep=25.0pt
* \topskip=11.0pt
* \footskip=60.0pt
* \marginparwidth=103.0pt
* \marginparsep=10.0pt
* \columnsep=10.0pt
* \skip\footins=28.45274pt
* \hoffset=0.0pt
* \voffset=0.0pt
* \mag=1000
* \@twocolumnfalse
* \@twosidetrue
* \@mparswitchtrue
* \@reversemarginfalse
* (1in=72.27pt=25.4mm, 1cm=28.453pt)

(C:\Users\maria\AppData\Local\Programs\MiKTeX\tex/context/base/mkii\supp-pdf.mkii
[Loading MPS to PDF converter (version 2006.09.02).]
\scratchcounter=\count557
\scratchdimen=\dimen354
\scratchbox=\box115
\nofMPsegments=\count558
\nofMParguments=\count559
\everyMPshowfont=\toks61
\MPscratchCnt=\count560
\MPscratchDim=\dimen355
\MPnumerator=\count561
\makeMPintoPDFobject=\count562
\everyMPtoPDFconversion=\toks62
) (C:\Users\maria\AppData\Local\Programs\MiKTeX\tex/latex/epstopdf-pkg\epstopdf-base.sty
Package: epstopdf-base 2020-01-24 v2.11 Base part for package epstopdf
Package epstopdf-base Info: Redefining graphics rule for `.eps' on input line 485.
 (C:\Users\maria\AppData\Local\Programs\MiKTeX\tex/latex/00miktex\epstopdf-sys.cfg
File: epstopdf-sys.cfg 2021/03/18 v2.0 Configuration of epstopdf for MiKTeX
))
Package caption Info: Begin \AtBeginDocument code.
Package caption Info: hyperref package is loaded.
Package caption Info: longtable package is loaded.
 (C:\Users\maria\AppData\Local\Programs\MiKTeX\tex/latex/caption\ltcaption.sty
Package: ltcaption 2021/01/08 v1.4c longtable captions (AR)
)
Package caption Info: scrextend package is loaded.
\caption@addmargin@hsize=\dimen356
\caption@addmargin@linewidth=\dimen357
Package caption Info: wrapfig package is loaded.
Package caption Info: End \AtBeginDocument code.
Package hyperref Info: Link coloring ON on input line 5.
 (Main.out) (Main.out)
\@outlinefile=\write5
\openout5 = `Main.out'.


Package pgfplots notification 'compat/show suggested version=true': document has been generated with the most recent feature set (\pgfplotsset{compat=1.18}).

(C:\Users\maria\AppData\Local\Programs\MiKTeX\tex/latex/translations/dicts\translations-basic-dictionary-english.trsl
File: translations-basic-dictionary-english.trsl (english translation file `translations-basic-dictionary')
)
Package translations Info: loading dictionary `translations-basic-dictionary' for `english'. on input line 5.
Package biblatex Info: Trying to load language 'english'...
Package biblatex Info: ... file 'english.lbx' found.
 (C:\Users\maria\AppData\Local\Programs\MiKTeX\tex/latex/biblatex/lbx\english.lbx
File: english.lbx 2025/07/10 v3.21 biblatex localization (PK/MW)
)
Package biblatex Info: Input encoding 'utf8' detected.
Package biblatex Info: Automatic encoding selection.
(biblatex)             Assuming data encoding 'utf8'.
\openout4 = `Main.bcf'.

Package biblatex Info: Trying to load bibliographic data...
Package biblatex Info: ... file 'Main.bbl' found.
 (Main.bbl

Package biblatex Warning: The following entry could not be found
(biblatex)                in the database:
(biblatex)                qt_designer
(biblatex)                Please verify the spelling and rerun
(biblatex)                LaTeX afterwards.

)
Package biblatex Info: Reference section=0 on input line 5.
Package biblatex Info: Reference segment=0 on input line 5.
<./Icones-ETSEIB-UPC/ETSEIB.png, id=232, 179.16937pt x 225.84375pt>
File: ./Icones-ETSEIB-UPC/ETSEIB.png Graphic file (type png)
<use ./Icones-ETSEIB-UPC/ETSEIB.png>
Package pdftex.def Info: ./Icones-ETSEIB-UPC/ETSEIB.png  used on input line 33.
(pdftex.def)             Requested size: 53.75122pt x 67.75363pt.
<./Icones-ETSEIB-UPC/UPC.PNG, id=234, 101.62968pt x 97.86563pt>
File: ./Icones-ETSEIB-UPC/UPC.PNG Graphic file (type png)
<use ./Icones-ETSEIB-UPC/UPC.PNG>
Package pdftex.def Info: ./Icones-ETSEIB-UPC/UPC.PNG  used on input line 36.
(pdftex.def)             Requested size: 40.65114pt x 39.14554pt.


File: ./Icones-ETSEIB-UPC/ETSEIB.png Graphic file (type png)
<use ./Icones-ETSEIB-UPC/ETSEIB.png>
Package pdftex.def Info: ./Icones-ETSEIB-UPC/ETSEIB.png  used on input line 39.
(pdftex.def)             Requested size: 447.92232pt x 564.60796pt.
[1

{C:/Users/maria/AppData/Local/MiKTeX/fonts/map/pdftex/pdftex.map}{C:/Users/maria/AppData/Local/Programs/MiKTeX/fonts/enc/dvips/tex-gyre/q-ec.enc} <./Icones-ETSEIB-UPC/ETSEIB.png> <./Icones-ETSEIB-UPC/UPC.PNG>]

[2

] (Chapters/Abstract.tex)

File: ./Icones-ETSEIB-UPC/ETSEIB.png Graphic file (type png)
<use ./Icones-ETSEIB-UPC/ETSEIB.png>
Package pdftex.def Info: ./Icones-ETSEIB-UPC/ETSEIB.png  used on input line 51.
(pdftex.def)             Requested size: 35.83324pt x 45.16794pt.

pdfTeX warning (ext4): destination with the same identifier (name{page.1}) has been already used, duplicate ignored
<to be read again> 
                   \relax 
l.51 \cleardoublepage
                      [1]


pdfTeX warning (ext4): destination with the same identifier (name{page.2}) has been already used, duplicate ignored
<to be read again> 
                   \relax 
l.51 \cleardoublepage
                      [2


] (Chapters/Resumen.tex)

File: ./Icones-ETSEIB-UPC/ETSEIB.png Graphic file (type png)
<use ./Icones-ETSEIB-UPC/ETSEIB.png>
Package pdftex.def Info: ./Icones-ETSEIB-UPC/ETSEIB.png  used on input line 54.
(pdftex.def)             Requested size: 35.83324pt x 45.16794pt.
[3]

[4


] (Chapters/Resum.tex)

File: ./Icones-ETSEIB-UPC/ETSEIB.png Graphic file (type png)
<use ./Icones-ETSEIB-UPC/ETSEIB.png>
Package pdftex.def Info: ./Icones-ETSEIB-UPC/ETSEIB.png  used on input line 58.
(pdftex.def)             Requested size: 35.83324pt x 45.16794pt.
[5]

[6


] (Main.toc

[7]
Overfull \hbox (11.32047pt too wide) in paragraph at lines 53--53
 [][] [][][]\T1/qpl/m/n/10.95 Core sim-u-la-tion de-vel-op-ment: EMTP com-bined with the Symbolic-Numeric 
 []

)
\tf@toc=\write6
\openout6 = `Main.toc'.



File: ./Icones-ETSEIB-UPC/ETSEIB.png Graphic file (type png)
<use ./Icones-ETSEIB-UPC/ETSEIB.png>
Package pdftex.def Info: ./Icones-ETSEIB-UPC/ETSEIB.png  used on input line 62.
(pdftex.def)             Requested size: 35.83324pt x 45.16794pt.
[8] (Main.lof

[9])
\tf@lof=\write7
\openout7 = `Main.lof'.



File: ./Icones-ETSEIB-UPC/ETSEIB.png Graphic file (type png)
<use ./Icones-ETSEIB-UPC/ETSEIB.png>
Package pdftex.def Info: ./Icones-ETSEIB-UPC/ETSEIB.png  used on input line 65.
(pdftex.def)             Requested size: 35.83324pt x 45.16794pt.
[10] (Main.lot)
\tf@lot=\write8
\openout8 = `Main.lot'.



[11] (Chapters/Glossary.tex)

File: ./Icones-ETSEIB-UPC/ETSEIB.png Graphic file (type png)
<use ./Icones-ETSEIB-UPC/ETSEIB.png>
Package pdftex.def Info: ./Icones-ETSEIB-UPC/ETSEIB.png  used on input line 78.
(pdftex.def)             Requested size: 35.83324pt x 45.16794pt.
[12]

File: ./Icones-ETSEIB-UPC/ETSEIB.png Graphic file (type png)
<use ./Icones-ETSEIB-UPC/ETSEIB.png>
Package pdftex.def Info: ./Icones-ETSEIB-UPC/ETSEIB.png  used on input line 78.
(pdftex.def)             Requested size: 35.83324pt x 45.16794pt.
[13] (Chapters/Preface.tex)

File: ./Icones-ETSEIB-UPC/ETSEIB.png Graphic file (type png)
<use ./Icones-ETSEIB-UPC/ETSEIB.png>
Package pdftex.def Info: ./Icones-ETSEIB-UPC/ETSEIB.png  used on input line 83.
(pdftex.def)             Requested size: 35.83324pt x 45.16794pt.
[14] (Chapters/Introduction.tex

File: ./Icones-ETSEIB-UPC/ETSEIB.png Graphic file (type png)
<use ./Icones-ETSEIB-UPC/ETSEIB.png>
Package pdftex.def Info: ./Icones-ETSEIB-UPC/ETSEIB.png  used on input line 44.
(pdftex.def)             Requested size: 35.83324pt x 45.16794pt.
[15]
LaTeX Font Info:    Trying to load font information for TS1+qpl on input line 73.
 (C:\Users\maria\AppData\Local\Programs\MiKTeX\tex/latex/tex-gyre\ts1qpl.fd
File: ts1qpl.fd 2009/09/25 v1.2 font definition file for TS1/qpl
)

File: ./Icones-ETSEIB-UPC/ETSEIB.png Graphic file (type png)
<use ./Icones-ETSEIB-UPC/ETSEIB.png>
Package pdftex.def Info: ./Icones-ETSEIB-UPC/ETSEIB.png  used on input line 90.
(pdftex.def)             Requested size: 35.83324pt x 45.16794pt.
[16{C:/Users/maria/AppData/Local/Programs/MiKTeX/fonts/enc/dvips/tex-gyre/q-ts1.enc}]

File: ./Icones-ETSEIB-UPC/ETSEIB.png Graphic file (type png)
<use ./Icones-ETSEIB-UPC/ETSEIB.png>
Package pdftex.def Info: ./Icones-ETSEIB-UPC/ETSEIB.png  used on input line 125.
(pdftex.def)             Requested size: 35.83324pt x 45.16794pt.
[17]
Overfull \hbox (3.51614pt too wide) in paragraph at lines 135--141
\T1/qpl/m/n/10.95 The dy-namic anal-y-sis of power sys-tems has tra-di-tion-ally been di-vided into two main ap-proaches:
 []


Overfull \hbox (11.69138pt too wide) in paragraph at lines 142--149
[]\T1/qpl/m/n/10.95 Small-signal sta-bil-ity anal-y-sis, based on the lin-eari-sa-tion of differential-algebraic equa-tions around
 []



File: ./Icones-ETSEIB-UPC/ETSEIB.png Graphic file (type png)
<use ./Icones-ETSEIB-UPC/ETSEIB.png>
Package pdftex.def Info: ./Icones-ETSEIB-UPC/ETSEIB.png  used on input line 167.
(pdftex.def)             Requested size: 35.83324pt x 45.16794pt.
[18]
<figures/VeraGrid_banner.png, id=500, 602.25pt x 120.45pt>
File: figures/VeraGrid_banner.png Graphic file (type png)
<use figures/VeraGrid_banner.png>
Package pdftex.def Info: figures/VeraGrid_banner.png  used on input line 184.
(pdftex.def)             Requested size: 364.19667pt x 72.84213pt.


File: ./Icones-ETSEIB-UPC/ETSEIB.png Graphic file (type png)
<use ./Icones-ETSEIB-UPC/ETSEIB.png>
Package pdftex.def Info: ./Icones-ETSEIB-UPC/ETSEIB.png  used on input line 198.
(pdftex.def)             Requested size: 35.83324pt x 45.16794pt.
[19 <./figures/VeraGrid_banner.png>]
<figures/VeraGrid_main_page.png, id=508, 1526.70375pt x 876.27374pt>
File: figures/VeraGrid_main_page.png Graphic file (type png)
<use figures/VeraGrid_main_page.png>
Package pdftex.def Info: figures/VeraGrid_main_page.png  used on input line 211.
(pdftex.def)             Requested size: 364.19667pt x 209.02638pt.


File: ./Icones-ETSEIB-UPC/ETSEIB.png Graphic file (type png)
<use ./Icones-ETSEIB-UPC/ETSEIB.png>
Package pdftex.def Info: ./Icones-ETSEIB-UPC/ETSEIB.png  used on input line 217.
(pdftex.def)             Requested size: 35.83324pt x 45.16794pt.
[20 <./figures/VeraGrid_main_page.png>]) (Chapters/1_dynamic.tex
Overfull \hbox (1.56168pt too wide) in paragraph at lines 21--24
[]\T1/qpl/m/it/10.95 Averaging dy-nam-ics\T1/qpl/m/n/10.95 : These sim-pli-fy-ing meth-ods re-place fast dy-nam-ics of com-pli-cated time-
 []



File: ./Icones-ETSEIB-UPC/ETSEIB.png Graphic file (type png)
<use ./Icones-ETSEIB-UPC/ETSEIB.png>
Package pdftex.def Info: ./Icones-ETSEIB-UPC/ETSEIB.png  used on input line 31.
(pdftex.def)             Requested size: 35.83324pt x 45.16794pt.
[21]
Overfull \hbox (7.79314pt too wide) in paragraph at lines 44--45
[]\T1/qpl/m/n/10.95 In power sys-tems, time-domain sim-u-la-tions can gen-er-ally be di-vided into two main cat-e-gories [[][]2[][]]. 
 []



File: ./Icones-ETSEIB-UPC/ETSEIB.png Graphic file (type png)
<use ./Icones-ETSEIB-UPC/ETSEIB.png>
Package pdftex.def Info: ./Icones-ETSEIB-UPC/ETSEIB.png  used on input line 56.
(pdftex.def)             Requested size: 35.83324pt x 45.16794pt.
[22]
Overfull \hbox (8.00018pt too wide) in paragraph at lines 72--75
[]\T1/qpl/m/it/10.95 Waveform \T1/qpl/m/n/10.95 or \T1/qpl/m/it/10.95 abc-simulations\T1/qpl/m/n/10.95 : They rep-re-sent the full volt-age and cur-rent wave-forms through-
 []



File: ./Icones-ETSEIB-UPC/ETSEIB.png Graphic file (type png)
<use ./Icones-ETSEIB-UPC/ETSEIB.png>
Package pdftex.def Info: ./Icones-ETSEIB-UPC/ETSEIB.png  used on input line 82.
(pdftex.def)             Requested size: 35.83324pt x 45.16794pt.
[23]

File: ./Icones-ETSEIB-UPC/ETSEIB.png Graphic file (type png)
<use ./Icones-ETSEIB-UPC/ETSEIB.png>
Package pdftex.def Info: ./Icones-ETSEIB-UPC/ETSEIB.png  used on input line 122.
(pdftex.def)             Requested size: 35.83324pt x 45.16794pt.
[24]

File: ./Icones-ETSEIB-UPC/ETSEIB.png Graphic file (type png)
<use ./Icones-ETSEIB-UPC/ETSEIB.png>
Package pdftex.def Info: ./Icones-ETSEIB-UPC/ETSEIB.png  used on input line 161.
(pdftex.def)             Requested size: 35.83324pt x 45.16794pt.
[25]

File: ./Icones-ETSEIB-UPC/ETSEIB.png Graphic file (type png)
<use ./Icones-ETSEIB-UPC/ETSEIB.png>
Package pdftex.def Info: ./Icones-ETSEIB-UPC/ETSEIB.png  used on input line 185.
(pdftex.def)             Requested size: 35.83324pt x 45.16794pt.
[26]

File: ./Icones-ETSEIB-UPC/ETSEIB.png Graphic file (type png)
<use ./Icones-ETSEIB-UPC/ETSEIB.png>
Package pdftex.def Info: ./Icones-ETSEIB-UPC/ETSEIB.png  used on input line 215.
(pdftex.def)             Requested size: 35.83324pt x 45.16794pt.
[27]

File: ./Icones-ETSEIB-UPC/ETSEIB.png Graphic file (type png)
<use ./Icones-ETSEIB-UPC/ETSEIB.png>
Package pdftex.def Info: ./Icones-ETSEIB-UPC/ETSEIB.png  used on input line 258.
(pdftex.def)             Requested size: 35.83324pt x 45.16794pt.
[28]

File: ./Icones-ETSEIB-UPC/ETSEIB.png Graphic file (type png)
<use ./Icones-ETSEIB-UPC/ETSEIB.png>
Package pdftex.def Info: ./Icones-ETSEIB-UPC/ETSEIB.png  used on input line 300.
(pdftex.def)             Requested size: 35.83324pt x 45.16794pt.
[29]
Overfull \hbox (4.70763pt too wide) in paragraph at lines 301--302
[]$\OML/cmm/m/it/10.95 i[]$\T1/qpl/m/n/10.95 : (Al-ge-braic vari-able) q-axis sta-tor cur-rent com-po-nent in Park ref-er-ence frame [p.u.]. 
 []


Overfull \hbox (1.4582pt too wide) in paragraph at lines 307--308
[]$\OML/cmm/m/it/10.95 V$\T1/qpl/m/n/10.95 : (Al-ge-braic vari-able from the bus) Mag-ni-tude of the ter-mi-nal volt-age pha-sor [p.u.]. 
 []



File: ./Icones-ETSEIB-UPC/ETSEIB.png Graphic file (type png)
<use ./Icones-ETSEIB-UPC/ETSEIB.png>
Package pdftex.def Info: ./Icones-ETSEIB-UPC/ETSEIB.png  used on input line 328.
(pdftex.def)             Requested size: 35.83324pt x 45.16794pt.
[30]

File: ./Icones-ETSEIB-UPC/ETSEIB.png Graphic file (type png)
<use ./Icones-ETSEIB-UPC/ETSEIB.png>
Package pdftex.def Info: ./Icones-ETSEIB-UPC/ETSEIB.png  used on input line 362.
(pdftex.def)             Requested size: 35.83324pt x 45.16794pt.
[31]

File: ./Icones-ETSEIB-UPC/ETSEIB.png Graphic file (type png)
<use ./Icones-ETSEIB-UPC/ETSEIB.png>
Package pdftex.def Info: ./Icones-ETSEIB-UPC/ETSEIB.png  used on input line 397.
(pdftex.def)             Requested size: 35.83324pt x 45.16794pt.
[32]

File: ./Icones-ETSEIB-UPC/ETSEIB.png Graphic file (type png)
<use ./Icones-ETSEIB-UPC/ETSEIB.png>
Package pdftex.def Info: ./Icones-ETSEIB-UPC/ETSEIB.png  used on input line 435.
(pdftex.def)             Requested size: 35.83324pt x 45.16794pt.
[33]

File: ./Icones-ETSEIB-UPC/ETSEIB.png Graphic file (type png)
<use ./Icones-ETSEIB-UPC/ETSEIB.png>
Package pdftex.def Info: ./Icones-ETSEIB-UPC/ETSEIB.png  used on input line 458.
(pdftex.def)             Requested size: 35.83324pt x 45.16794pt.
[34])

File: ./Icones-ETSEIB-UPC/ETSEIB.png Graphic file (type png)
<use ./Icones-ETSEIB-UPC/ETSEIB.png>
Package pdftex.def Info: ./Icones-ETSEIB-UPC/ETSEIB.png  used on input line 91.
(pdftex.def)             Requested size: 35.83324pt x 45.16794pt.
[35] (Chapters/2_1TheorySmall.tex

File: ./Icones-ETSEIB-UPC/ETSEIB.png Graphic file (type png)
<use ./Icones-ETSEIB-UPC/ETSEIB.png>
Package pdftex.def Info: ./Icones-ETSEIB-UPC/ETSEIB.png  used on input line 39.
(pdftex.def)             Requested size: 35.83324pt x 45.16794pt.
[36]

File: ./Icones-ETSEIB-UPC/ETSEIB.png Graphic file (type png)
<use ./Icones-ETSEIB-UPC/ETSEIB.png>
Package pdftex.def Info: ./Icones-ETSEIB-UPC/ETSEIB.png  used on input line 73.
(pdftex.def)             Requested size: 35.83324pt x 45.16794pt.
[37]

File: ./Icones-ETSEIB-UPC/ETSEIB.png Graphic file (type png)
<use ./Icones-ETSEIB-UPC/ETSEIB.png>
Package pdftex.def Info: ./Icones-ETSEIB-UPC/ETSEIB.png  used on input line 109.
(pdftex.def)             Requested size: 35.83324pt x 45.16794pt.
[38]
Overfull \hbox (21.19493pt too wide) in paragraph at lines 113--115
[]\T1/qpl/m/it/10.95 Torsional modes\T1/qpl/m/n/10.95 : Os-cil-la-tions as-so-ci-ated with the me-chan-i-cal shaft sys-tem of turbine-generators,
 []


Overfull \hbox (5.77194pt too wide) in paragraph at lines 113--115
\T1/qpl/m/n/10.95 which may be-come un-sta-ble due to in-ter-ac-tions with con-trol sys-tems or series-compensated
 []


Overfull \hbox (1.9009pt too wide) in paragraph at lines 128--131
\T1/qpl/m/n/10.95 Small-signal sta-bil-ity as-sess-ment meth-ods are gen-er-ally cat-e-go-rized into two main groups: state-
 []



File: ./Icones-ETSEIB-UPC/ETSEIB.png Graphic file (type png)
<use ./Icones-ETSEIB-UPC/ETSEIB.png>
Package pdftex.def Info: ./Icones-ETSEIB-UPC/ETSEIB.png  used on input line 154.
(pdftex.def)             Requested size: 35.83324pt x 45.16794pt.
[39]

File: ./Icones-ETSEIB-UPC/ETSEIB.png Graphic file (type png)
<use ./Icones-ETSEIB-UPC/ETSEIB.png>
Package pdftex.def Info: ./Icones-ETSEIB-UPC/ETSEIB.png  used on input line 197.
(pdftex.def)             Requested size: 35.83324pt x 45.16794pt.
[40]

File: ./Icones-ETSEIB-UPC/ETSEIB.png Graphic file (type png)
<use ./Icones-ETSEIB-UPC/ETSEIB.png>
Package pdftex.def Info: ./Icones-ETSEIB-UPC/ETSEIB.png  used on input line 285.
(pdftex.def)             Requested size: 35.83324pt x 45.16794pt.
[41]

File: ./Icones-ETSEIB-UPC/ETSEIB.png Graphic file (type png)
<use ./Icones-ETSEIB-UPC/ETSEIB.png>
Package pdftex.def Info: ./Icones-ETSEIB-UPC/ETSEIB.png  used on input line 325.
(pdftex.def)             Requested size: 35.83324pt x 45.16794pt.
[42]

File: ./Icones-ETSEIB-UPC/ETSEIB.png Graphic file (type png)
<use ./Icones-ETSEIB-UPC/ETSEIB.png>
Package pdftex.def Info: ./Icones-ETSEIB-UPC/ETSEIB.png  used on input line 359.
(pdftex.def)             Requested size: 35.83324pt x 45.16794pt.
[43]
<inkscape_svg/eigenvalues_plot_example.pdf, id=706, 462.72874pt x 347.2975pt>
File: inkscape_svg/eigenvalues_plot_example.pdf Graphic file (type pdf)
<use inkscape_svg/eigenvalues_plot_example.pdf>
Package pdftex.def Info: inkscape_svg/eigenvalues_plot_example.pdf  used on input line 380.
(pdftex.def)             Requested size: 364.19667pt x 273.34984pt.


File: ./Icones-ETSEIB-UPC/ETSEIB.png Graphic file (type png)
<use ./Icones-ETSEIB-UPC/ETSEIB.png>
Package pdftex.def Info: ./Icones-ETSEIB-UPC/ETSEIB.png  used on input line 384.
(pdftex.def)             Requested size: 35.83324pt x 45.16794pt.
[44]) (Chapters/2_2ImplementationSmall.tex
<figures/DataModelSimulationStructure.png, id=714, 1006.76125pt x 464.73625pt>
File: figures/DataModelSimulationStructure.png Graphic file (type png)
<use figures/DataModelSimulationStructure.png>
Package pdftex.def Info: figures/DataModelSimulationStructure.png  used on input line 15.
(pdftex.def)             Requested size: 364.19667pt x 168.11333pt.


File: ./Icones-ETSEIB-UPC/ETSEIB.png Graphic file (type png)
<use ./Icones-ETSEIB-UPC/ETSEIB.png>
Package pdftex.def Info: ./Icones-ETSEIB-UPC/ETSEIB.png  used on input line 18.
(pdftex.def)             Requested size: 35.83324pt x 45.16794pt.
[45 <./inkscape_svg/eigenvalues_plot_example.pdf>]

File: ./Icones-ETSEIB-UPC/ETSEIB.png Graphic file (type png)
<use ./Icones-ETSEIB-UPC/ETSEIB.png>
Package pdftex.def Info: ./Icones-ETSEIB-UPC/ETSEIB.png  used on input line 43.
(pdftex.def)             Requested size: 35.83324pt x 45.16794pt.
[46 <./figures/DataModelSimulationStructure.png>]
<inkscape_svg/block_diagram_full_code_smallsignal.pdf, id=745, 170.6375pt x 461.725pt>
File: inkscape_svg/block_diagram_full_code_smallsignal.pdf Graphic file (type pdf)
<use inkscape_svg/block_diagram_full_code_smallsignal.pdf>
Package pdftex.def Info: inkscape_svg/block_diagram_full_code_smallsignal.pdf  used on input line 48.
(pdftex.def)             Requested size: 159.33821pt x 431.17525pt.
<inkscape_svg/block_diagram_run_smallsignal.pdf, id=746, 517.935pt x 854.19125pt>
File: inkscape_svg/block_diagram_run_smallsignal.pdf Graphic file (type pdf)
<use inkscape_svg/block_diagram_run_smallsignal.pdf>
Package pdftex.def Info: inkscape_svg/block_diagram_run_smallsignal.pdf  used on input line 55.
(pdftex.def)             Requested size: 364.19667pt x 600.66693pt.


File: ./Icones-ETSEIB-UPC/ETSEIB.png Graphic file (type png)
<use ./Icones-ETSEIB-UPC/ETSEIB.png>
Package pdftex.def Info: ./Icones-ETSEIB-UPC/ETSEIB.png  used on input line 59.
(pdftex.def)             Requested size: 35.83324pt x 45.16794pt.
[47 <./inkscape_svg/block_diagram_full_code_smallsignal.pdf>]

LaTeX Warning: Citation 'qt_designer' on page 48 undefined on input line 62.



File: ./Icones-ETSEIB-UPC/ETSEIB.png Graphic file (type png)
<use ./Icones-ETSEIB-UPC/ETSEIB.png>
Package pdftex.def Info: ./Icones-ETSEIB-UPC/ETSEIB.png  used on input line 66.
(pdftex.def)             Requested size: 35.83324pt x 45.16794pt.
[48 <./inkscape_svg/block_diagram_run_smallsignal.pdf>]
<inkscape_svg/small_signal_icon.pdf, id=833, 48.18pt x 48.18pt>
File: inkscape_svg/small_signal_icon.pdf Graphic file (type pdf)
<use inkscape_svg/small_signal_icon.pdf>
Package pdftex.def Info: inkscape_svg/small_signal_icon.pdf  used on input line 75.
(pdftex.def)             Requested size: 113.81102pt x 113.81108pt.


File: ./Icones-ETSEIB-UPC/ETSEIB.png Graphic file (type png)
<use ./Icones-ETSEIB-UPC/ETSEIB.png>
Package pdftex.def Info: ./Icones-ETSEIB-UPC/ETSEIB.png  used on input line 94.
(pdftex.def)             Requested size: 35.83324pt x 45.16794pt.
[49 <./inkscape_svg/small_signal_icon.pdf>]
<figures/settings_GUI.png, id=843, 992.20688pt x 603.0028pt>
File: figures/settings_GUI.png Graphic file (type png)
<use figures/settings_GUI.png>
Package pdftex.def Info: figures/settings_GUI.png  used on input line 102.
(pdftex.def)             Requested size: 386.96027pt x 235.17014pt.
<figures/results_desplegable_GUI.png, id=844, 117.43875pt x 217.5628pt>
File: figures/results_desplegable_GUI.png Graphic file (type png)
<use figures/results_desplegable_GUI.png>
Package pdftex.def Info: figures/results_desplegable_GUI.png  used on input line 113.
(pdftex.def)             Requested size: 122.91785pt x 227.71402pt.


File: ./Icones-ETSEIB-UPC/ETSEIB.png Graphic file (type png)
<use ./Icones-ETSEIB-UPC/ETSEIB.png>
Package pdftex.def Info: ./Icones-ETSEIB-UPC/ETSEIB.png  used on input line 117.
(pdftex.def)             Requested size: 35.83324pt x 45.16794pt.
[50 <./figures/settings_GUI.png>]
<figures/result_state_matrix_GUI.png, id=858, 823.57687pt x 243.15843pt>
File: figures/result_state_matrix_GUI.png Graphic file (type png)
<use figures/result_state_matrix_GUI.png>
Package pdftex.def Info: figures/result_state_matrix_GUI.png  used on input line 126.
(pdftex.def)             Requested size: 455.24411pt x 134.4091pt.
<figures/result_modes_ss_GUI.png, id=859, 362.5545pt x 194.52675pt>
File: figures/result_modes_ss_GUI.png Graphic file (type png)
<use figures/result_modes_ss_GUI.png>
Package pdftex.def Info: figures/result_modes_ss_GUI.png  used on input line 133.
(pdftex.def)             Requested size: 364.19667pt x 195.4197pt.


File: ./Icones-ETSEIB-UPC/ETSEIB.png Graphic file (type png)
<use ./Icones-ETSEIB-UPC/ETSEIB.png>
Package pdftex.def Info: ./Icones-ETSEIB-UPC/ETSEIB.png  used on input line 137.
(pdftex.def)             Requested size: 35.83324pt x 45.16794pt.
[51 <./figures/results_desplegable_GUI.png> <./figures/result_state_matrix_GUI.png>]
<figures/result_pfactors_GUI.png, id=866, 664.28175pt x 195.73125pt>
File: figures/result_pfactors_GUI.png Graphic file (type png)
<use figures/result_pfactors_GUI.png>
Package pdftex.def Info: figures/result_pfactors_GUI.png  used on input line 140.
(pdftex.def)             Requested size: 455.24411pt x 134.14378pt.
<figures/smallsignal_plot_GUI.pdf, id=867, 578.16pt x 433.62pt>
File: figures/smallsignal_plot_GUI.pdf Graphic file (type pdf)
<use figures/smallsignal_plot_GUI.pdf>
Package pdftex.def Info: figures/smallsignal_plot_GUI.pdf  used on input line 149.
(pdftex.def)             Requested size: 223.07211pt x 167.29819pt.
<figures/smallsignal_plot_Hz_GUI.pdf, id=868, 578.16pt x 433.62pt>
File: figures/smallsignal_plot_Hz_GUI.pdf Graphic file (type pdf)
<use figures/smallsignal_plot_Hz_GUI.pdf>
Package pdftex.def Info: figures/smallsignal_plot_Hz_GUI.pdf  used on input line 156.
(pdftex.def)             Requested size: 223.07211pt x 167.29819pt.


File: ./Icones-ETSEIB-UPC/ETSEIB.png Graphic file (type png)
<use ./Icones-ETSEIB-UPC/ETSEIB.png>
Package pdftex.def Info: ./Icones-ETSEIB-UPC/ETSEIB.png  used on input line 167.
(pdftex.def)             Requested size: 35.83324pt x 45.16794pt.
[52 <./figures/result_modes_ss_GUI.png> <./figures/result_pfactors_GUI.png> <./figures/smallsignal_plot_GUI.pdf> <./figures/smallsignal_plot_Hz_GUI.pdf>]) (Chapters/2_3BenchmarkSmall.tex
<figures/ANDES_banner.png, id=948, 523.9575pt x 55.70813pt>
File: figures/ANDES_banner.png Graphic file (type png)
<use figures/ANDES_banner.png>
Package pdftex.def Info: figures/ANDES_banner.png  used on input line 19.
(pdftex.def)             Requested size: 409.71692pt x 43.56265pt.


File: ./Icones-ETSEIB-UPC/ETSEIB.png Graphic file (type png)
<use ./Icones-ETSEIB-UPC/ETSEIB.png>
Package pdftex.def Info: ./Icones-ETSEIB-UPC/ETSEIB.png  used on input line 32.
(pdftex.def)             Requested size: 35.83324pt x 45.16794pt.
[53{C:/Users/maria/AppData/Local/Programs/MiKTeX/fonts/enc/dvips/cm-super/cm-super-t1.enc} <./figures/ANDES_banner.png>]
<inkscape_svg/Kundur_system_no_shunt.pdf, id=959, 565.11125pt x 242.9075pt>
File: inkscape_svg/Kundur_system_no_shunt.pdf Graphic file (type pdf)
<use inkscape_svg/Kundur_system_no_shunt.pdf>
Package pdftex.def Info: inkscape_svg/Kundur_system_no_shunt.pdf  used on input line 44.
(pdftex.def)             Requested size: 455.24411pt x 195.68652pt.


File: ./Icones-ETSEIB-UPC/ETSEIB.png Graphic file (type png)
<use ./Icones-ETSEIB-UPC/ETSEIB.png>
Package pdftex.def Info: ./Icones-ETSEIB-UPC/ETSEIB.png  used on input line 56.
(pdftex.def)             Requested size: 35.83324pt x 45.16794pt.
[54 <./inkscape_svg/Kundur_system_no_shunt.pdf>]
<inkscape_svg/andes_vs_veragrid_kundur.pdf, id=968, 462.72874pt x 347.2975pt>
File: inkscape_svg/andes_vs_veragrid_kundur.pdf Graphic file (type pdf)
<use inkscape_svg/andes_vs_veragrid_kundur.pdf>
Package pdftex.def Info: inkscape_svg/andes_vs_veragrid_kundur.pdf  used on input line 117.
(pdftex.def)             Requested size: 318.66948pt x 239.17448pt.


File: ./Icones-ETSEIB-UPC/ETSEIB.png Graphic file (type png)
<use ./Icones-ETSEIB-UPC/ETSEIB.png>
Package pdftex.def Info: ./Icones-ETSEIB-UPC/ETSEIB.png  used on input line 121.
(pdftex.def)             Requested size: 35.83324pt x 45.16794pt.
[55]

File: ./Icones-ETSEIB-UPC/ETSEIB.png Graphic file (type png)
<use ./Icones-ETSEIB-UPC/ETSEIB.png>
Package pdftex.def Info: ./Icones-ETSEIB-UPC/ETSEIB.png  used on input line 174.
(pdftex.def)             Requested size: 35.83324pt x 45.16794pt.
[56 <./inkscape_svg/andes_vs_veragrid_kundur.pdf>]

File: ./Icones-ETSEIB-UPC/ETSEIB.png Graphic file (type png)
<use ./Icones-ETSEIB-UPC/ETSEIB.png>
Package pdftex.def Info: ./Icones-ETSEIB-UPC/ETSEIB.png  used on input line 199.
(pdftex.def)             Requested size: 35.83324pt x 45.16794pt.
[57]
Overfull \hbox (6.65686pt too wide) in paragraph at lines 200--204
[]\T1/qpl/m/n/10.95 Among the real modes, one neg-a-tive mode at ap-prox-i-mately $\OMS/cmsy/m/n/10.95 ^^@\OT1/cmr/m/n/10.95 0\OML/cmm/m/it/10.95 ; \OT1/cmr/m/n/10.95 7926$ \T1/qpl/m/n/10.95 rep-re-sents a non-oscillatory
 []

)

File: ./Icones-ETSEIB-UPC/ETSEIB.png Graphic file (type png)
<use ./Icones-ETSEIB-UPC/ETSEIB.png>
Package pdftex.def Info: ./Icones-ETSEIB-UPC/ETSEIB.png  used on input line 102.
(pdftex.def)             Requested size: 35.83324pt x 45.16794pt.
[58] (Chapters/3_1TheoryEMT.tex
Overfull \hbox (5.41698pt too wide) in paragraph at lines 10--15
\T1/qpl/m/n/10.95 ap-proach, each net-work el-e-ment is rep-re-sented through an equiv-a-lent con-duc-tance and a history-
 []


Overfull \hbox (0.16457pt too wide) in paragraph at lines 29--34
[]\T1/qpl/m/n/10.95 EMT sim-u-la-tion is es-sen-tial when-ever the as-sump-tions of RMS-based dy-namic stud-ies no longer
 []



File: ./Icones-ETSEIB-UPC/ETSEIB.png Graphic file (type png)
<use ./Icones-ETSEIB-UPC/ETSEIB.png>
Package pdftex.def Info: ./Icones-ETSEIB-UPC/ETSEIB.png  used on input line 42.
(pdftex.def)             Requested size: 35.83324pt x 45.16794pt.
[59]

File: ./Icones-ETSEIB-UPC/ETSEIB.png Graphic file (type png)
<use ./Icones-ETSEIB-UPC/ETSEIB.png>
Package pdftex.def Info: ./Icones-ETSEIB-UPC/ETSEIB.png  used on input line 84.
(pdftex.def)             Requested size: 35.83324pt x 45.16794pt.
[60]

File: ./Icones-ETSEIB-UPC/ETSEIB.png Graphic file (type png)
<use ./Icones-ETSEIB-UPC/ETSEIB.png>
Package pdftex.def Info: ./Icones-ETSEIB-UPC/ETSEIB.png  used on input line 119.
(pdftex.def)             Requested size: 35.83324pt x 45.16794pt.
[61]

File: ./Icones-ETSEIB-UPC/ETSEIB.png Graphic file (type png)
<use ./Icones-ETSEIB-UPC/ETSEIB.png>
Package pdftex.def Info: ./Icones-ETSEIB-UPC/ETSEIB.png  used on input line 175.
(pdftex.def)             Requested size: 35.83324pt x 45.16794pt.
[62]
Overfull \hbox (3.17215pt too wide) in paragraph at lines 175--176
[]\T1/qpl/m/n/10.95 Figure [][]4.1[][] il-lus-trates the Berg-eron's loss-less line model, high-light-ing the char-ac-ter-is-tic impedance
 []

<inkscape_svg/bergeron_lossless.pdf, id=1045, 233.87375pt x 108.405pt>
File: inkscape_svg/bergeron_lossless.pdf Graphic file (type pdf)
<use inkscape_svg/bergeron_lossless.pdf>
Package pdftex.def Info: inkscape_svg/bergeron_lossless.pdf  used on input line 179.
(pdftex.def)             Requested size: 273.14923pt x 126.62491pt.
<inkscape_svg/bergeron_with_losses_full.pdf, id=1047, 527.9725pt x 108.405pt>
File: inkscape_svg/bergeron_with_losses_full.pdf Graphic file (type pdf)
<use inkscape_svg/bergeron_with_losses_full.pdf>
Package pdftex.def Info: inkscape_svg/bergeron_with_losses_full.pdf  used on input line 193.
(pdftex.def)             Requested size: 455.24411pt x 93.47128pt.


File: ./Icones-ETSEIB-UPC/ETSEIB.png Graphic file (type png)
<use ./Icones-ETSEIB-UPC/ETSEIB.png>
Package pdftex.def Info: ./Icones-ETSEIB-UPC/ETSEIB.png  used on input line 206.
(pdftex.def)             Requested size: 35.83324pt x 45.16794pt.
[63 <./inkscape_svg/bergeron_lossless.pdf> <./inkscape_svg/bergeron_with_losses_full.pdf

pdfTeX warning: pdflatex (file ./inkscape_svg/bergeron_with_losses_full.pdf): PDF inclusion: multiple pdfs with page group included in a single page
>]
<inkscape_svg/bergeron_half_line_losses.pdf, id=1057, 257.96375pt x 107.40125pt>
File: inkscape_svg/bergeron_half_line_losses.pdf Graphic file (type pdf)
<use inkscape_svg/bergeron_half_line_losses.pdf>
Package pdftex.def Info: inkscape_svg/bergeron_half_line_losses.pdf  used on input line 212.
(pdftex.def)             Requested size: 273.14923pt x 113.73332pt.
<inkscape_svg/bergeron_losses_equivalent.pdf, id=1059, 257.96375pt x 107.40125pt>
File: inkscape_svg/bergeron_losses_equivalent.pdf Graphic file (type pdf)
<use inkscape_svg/bergeron_losses_equivalent.pdf>
Package pdftex.def Info: inkscape_svg/bergeron_losses_equivalent.pdf  used on input line 230.
(pdftex.def)             Requested size: 273.14923pt x 113.73332pt.


File: ./Icones-ETSEIB-UPC/ETSEIB.png Graphic file (type png)
<use ./Icones-ETSEIB-UPC/ETSEIB.png>
Package pdftex.def Info: ./Icones-ETSEIB-UPC/ETSEIB.png  used on input line 253.
(pdftex.def)             Requested size: 35.83324pt x 45.16794pt.
[64 <./inkscape_svg/bergeron_half_line_losses.pdf> <./inkscape_svg/bergeron_losses_equivalent.pdf

pdfTeX warning: pdflatex (file ./inkscape_svg/bergeron_losses_equivalent.pdf): PDF inclusion: multiple pdfs with page group included in a single page
>]

File: ./Icones-ETSEIB-UPC/ETSEIB.png Graphic file (type png)
<use ./Icones-ETSEIB-UPC/ETSEIB.png>
Package pdftex.def Info: ./Icones-ETSEIB-UPC/ETSEIB.png  used on input line 294.
(pdftex.def)             Requested size: 35.83324pt x 45.16794pt.
[65]

File: ./Icones-ETSEIB-UPC/ETSEIB.png Graphic file (type png)
<use ./Icones-ETSEIB-UPC/ETSEIB.png>
Package pdftex.def Info: ./Icones-ETSEIB-UPC/ETSEIB.png  used on input line 374.
(pdftex.def)             Requested size: 35.83324pt x 45.16794pt.
[66]
<inkscape_svg/generator_emt_model.pdf, id=1096, 138.5175pt x 92.345pt>
File: inkscape_svg/generator_emt_model.pdf Graphic file (type pdf)
<use inkscape_svg/generator_emt_model.pdf>
Package pdftex.def Info: inkscape_svg/generator_emt_model.pdf  used on input line 377.
(pdftex.def)             Requested size: 204.85846pt x 136.57262pt.


File: ./Icones-ETSEIB-UPC/ETSEIB.png Graphic file (type png)
<use ./Icones-ETSEIB-UPC/ETSEIB.png>
Package pdftex.def Info: ./Icones-ETSEIB-UPC/ETSEIB.png  used on input line 416.
(pdftex.def)             Requested size: 35.83324pt x 45.16794pt.
[67 <./inkscape_svg/generator_emt_model.pdf>]

File: ./Icones-ETSEIB-UPC/ETSEIB.png Graphic file (type png)
<use ./Icones-ETSEIB-UPC/ETSEIB.png>
Package pdftex.def Info: ./Icones-ETSEIB-UPC/ETSEIB.png  used on input line 459.
(pdftex.def)             Requested size: 35.83324pt x 45.16794pt.
[68]

LaTeX Warning: Reference `fig:generator_dq_models' on page 69 undefined on input line 520.



File: ./Icones-ETSEIB-UPC/ETSEIB.png Graphic file (type png)
<use ./Icones-ETSEIB-UPC/ETSEIB.png>
Package pdftex.def Info: ./Icones-ETSEIB-UPC/ETSEIB.png  used on input line 521.
(pdftex.def)             Requested size: 35.83324pt x 45.16794pt.
[69]
<inkscape_svg/generator_daxis_model.pdf, id=1127, 230.8625pt x 107.40125pt>
File: inkscape_svg/generator_daxis_model.pdf Graphic file (type pdf)
<use inkscape_svg/generator_daxis_model.pdf>
Package pdftex.def Info: inkscape_svg/generator_daxis_model.pdf  used on input line 525.
(pdftex.def)             Requested size: 364.19667pt x 169.44298pt.
<inkscape_svg/generator_qaxis_model.pdf, id=1128, 242.9075pt x 107.40125pt>
File: inkscape_svg/generator_qaxis_model.pdf Graphic file (type pdf)
<use inkscape_svg/generator_qaxis_model.pdf>
Package pdftex.def Info: inkscape_svg/generator_qaxis_model.pdf  used on input line 532.
(pdftex.def)             Requested size: 350.5399pt x 154.99033pt.


File: ./Icones-ETSEIB-UPC/ETSEIB.png Graphic file (type png)
<use ./Icones-ETSEIB-UPC/ETSEIB.png>
Package pdftex.def Info: ./Icones-ETSEIB-UPC/ETSEIB.png  used on input line 573.
(pdftex.def)             Requested size: 35.83324pt x 45.16794pt.
[70 <./inkscape_svg/generator_daxis_model.pdf> <./inkscape_svg/generator_qaxis_model.pdf

pdfTeX warning: pdflatex (file ./inkscape_svg/generator_qaxis_model.pdf): PDF inclusion: multiple pdfs with page group included in a single page
>]

File: ./Icones-ETSEIB-UPC/ETSEIB.png Graphic file (type png)
<use ./Icones-ETSEIB-UPC/ETSEIB.png>
Package pdftex.def Info: ./Icones-ETSEIB-UPC/ETSEIB.png  used on input line 617.
(pdftex.def)             Requested size: 35.83324pt x 45.16794pt.
[71]

File: ./Icones-ETSEIB-UPC/ETSEIB.png Graphic file (type png)
<use ./Icones-ETSEIB-UPC/ETSEIB.png>
Package pdftex.def Info: ./Icones-ETSEIB-UPC/ETSEIB.png  used on input line 673.
(pdftex.def)             Requested size: 35.83324pt x 45.16794pt.
[72]

File: ./Icones-ETSEIB-UPC/ETSEIB.png Graphic file (type png)
<use ./Icones-ETSEIB-UPC/ETSEIB.png>
Package pdftex.def Info: ./Icones-ETSEIB-UPC/ETSEIB.png  used on input line 728.
(pdftex.def)             Requested size: 35.83324pt x 45.16794pt.
[73]
<inkscape_svg/machine_network_solution.pdf, id=1176, 324.21124pt x 142.5325pt>
File: inkscape_svg/machine_network_solution.pdf Graphic file (type pdf)
<use inkscape_svg/machine_network_solution.pdf>
Package pdftex.def Info: inkscape_svg/machine_network_solution.pdf  used on input line 760.
(pdftex.def)             Requested size: 455.24411pt x 200.1509pt.


File: ./Icones-ETSEIB-UPC/ETSEIB.png Graphic file (type png)
<use ./Icones-ETSEIB-UPC/ETSEIB.png>
Package pdftex.def Info: ./Icones-ETSEIB-UPC/ETSEIB.png  used on input line 773.
(pdftex.def)             Requested size: 35.83324pt x 45.16794pt.
[74 <./inkscape_svg/machine_network_solution.pdf>]
<inkscape_svg/generator_emt_model_interfacing_resistor.pdf, id=1193, 171.64125pt x 81.30376pt>
File: inkscape_svg/generator_emt_model_interfacing_resistor.pdf Graphic file (type pdf)
<use inkscape_svg/generator_emt_model_interfacing_resistor.pdf>
Package pdftex.def Info: inkscape_svg/generator_emt_model_interfacing_resistor.pdf  used on input line 780.
(pdftex.def)             Requested size: 204.85846pt x 97.03798pt.


File: ./Icones-ETSEIB-UPC/ETSEIB.png Graphic file (type png)
<use ./Icones-ETSEIB-UPC/ETSEIB.png>
Package pdftex.def Info: ./Icones-ETSEIB-UPC/ETSEIB.png  used on input line 804.
(pdftex.def)             Requested size: 35.83324pt x 45.16794pt.
[75 <./inkscape_svg/generator_emt_model_interfacing_resistor.pdf>]
Overfull \hbox (11.19196pt too wide) in paragraph at lines 832--834
\T1/qpl/m/n/10.95 The EMT-type gen-er-a-tor model is ini-tialised by solv-ing the differential-algebraic equa-tions (DAEs)
 []



File: ./Icones-ETSEIB-UPC/ETSEIB.png Graphic file (type png)
<use ./Icones-ETSEIB-UPC/ETSEIB.png>
Package pdftex.def Info: ./Icones-ETSEIB-UPC/ETSEIB.png  used on input line 834.
(pdftex.def)             Requested size: 35.83324pt x 45.16794pt.
[76]

File: ./Icones-ETSEIB-UPC/ETSEIB.png Graphic file (type png)
<use ./Icones-ETSEIB-UPC/ETSEIB.png>
Package pdftex.def Info: ./Icones-ETSEIB-UPC/ETSEIB.png  used on input line 878.
(pdftex.def)             Requested size: 35.83324pt x 45.16794pt.
[77]

File: ./Icones-ETSEIB-UPC/ETSEIB.png Graphic file (type png)
<use ./Icones-ETSEIB-UPC/ETSEIB.png>
Package pdftex.def Info: ./Icones-ETSEIB-UPC/ETSEIB.png  used on input line 899.
(pdftex.def)             Requested size: 35.83324pt x 45.16794pt.
[78]
<inkscape_svg/transformer_eq_circuit.pdf, id=1222, 249.93375pt x 114.4275pt>
File: inkscape_svg/transformer_eq_circuit.pdf Graphic file (type pdf)
<use inkscape_svg/transformer_eq_circuit.pdf>
Package pdftex.def Info: inkscape_svg/transformer_eq_circuit.pdf  used on input line 942.
(pdftex.def)             Requested size: 364.19667pt x 166.7572pt.
<inkscape_svg/transformer_dommel.pdf, id=1224, 346.29375pt x 109.40875pt>
File: inkscape_svg/transformer_dommel.pdf Graphic file (type pdf)
<use inkscape_svg/transformer_dommel.pdf>
Package pdftex.def Info: inkscape_svg/transformer_dommel.pdf  used on input line 997.
(pdftex.def)             Requested size: 455.24411pt x 143.83398pt.


File: ./Icones-ETSEIB-UPC/ETSEIB.png Graphic file (type png)
<use ./Icones-ETSEIB-UPC/ETSEIB.png>
Package pdftex.def Info: ./Icones-ETSEIB-UPC/ETSEIB.png  used on input line 1001.
(pdftex.def)             Requested size: 35.83324pt x 45.16794pt.
[79 <./inkscape_svg/transformer_eq_circuit.pdf>]

File: ./Icones-ETSEIB-UPC/ETSEIB.png Graphic file (type png)
<use ./Icones-ETSEIB-UPC/ETSEIB.png>
Package pdftex.def Info: ./Icones-ETSEIB-UPC/ETSEIB.png  used on input line 1086.
(pdftex.def)             Requested size: 35.83324pt x 45.16794pt.
[80 <./inkscape_svg/transformer_dommel.pdf>]) (Chapters/3_2ImplementationEMT.tex
Overfull \hbox (1.64853pt too wide) in paragraph at lines 6--6
|[]\T1/qpl/b/n/10.95 Core sim-u-la-tion de-vel-op-ment: EMTP com-bined with the Symbolic-Numeric ap-proach| 
 []



File: ./Icones-ETSEIB-UPC/ETSEIB.png Graphic file (type png)
<use ./Icones-ETSEIB-UPC/ETSEIB.png>
Package pdftex.def Info: ./Icones-ETSEIB-UPC/ETSEIB.png  used on input line 24.
(pdftex.def)             Requested size: 35.83324pt x 45.16794pt.
[81]
<inkscape_svg/block_diagram_full_EMT_simulation.pdf, id=1255, 170.6375pt x 397.485pt>
File: inkscape_svg/block_diagram_full_EMT_simulation.pdf Graphic file (type pdf)
<use inkscape_svg/block_diagram_full_EMT_simulation.pdf>
Package pdftex.def Info: inkscape_svg/block_diagram_full_EMT_simulation.pdf  used on input line 29.
(pdftex.def)             Requested size: 159.33821pt x 371.18564pt.


File: ./Icones-ETSEIB-UPC/ETSEIB.png Graphic file (type png)
<use ./Icones-ETSEIB-UPC/ETSEIB.png>
Package pdftex.def Info: ./Icones-ETSEIB-UPC/ETSEIB.png  used on input line 41.
(pdftex.def)             Requested size: 35.83324pt x 45.16794pt.
[82 <./inkscape_svg/block_diagram_full_EMT_simulation.pdf>]
Overfull \hbox (5.39247pt too wide) in paragraph at lines 43--46
[]\T1/qpl/m/it/10.95 Initial con-duc-tance ma-trix G as-sem-bly: \T1/qpl/m/n/10.95 The con-duc-tance ma-trix G is as-sem-bled by adding
 []



File: ./Icones-ETSEIB-UPC/ETSEIB.png Graphic file (type png)
<use ./Icones-ETSEIB-UPC/ETSEIB.png>
Package pdftex.def Info: ./Icones-ETSEIB-UPC/ETSEIB.png  used on input line 56.
(pdftex.def)             Requested size: 35.83324pt x 45.16794pt.
[83]
Overfull \hbox (6.77397pt too wide) in paragraph at lines 59--61
[]\T1/qpl/m/it/10.95 Update(correct) Isources: \T1/qpl/m/n/10.95 The cur-rent sources con-tri-bu-tions from the Symbolic-Numeric
 []

<inkscape_svg/block_diagram_run_EMTP.pdf, id=1269, 494.84875pt x 975.645pt>
File: inkscape_svg/block_diagram_run_EMTP.pdf Graphic file (type pdf)
<use inkscape_svg/block_diagram_run_EMTP.pdf>
Package pdftex.def Info: inkscape_svg/block_diagram_run_EMTP.pdf  used on input line 66.
(pdftex.def)             Requested size: 300.46277pt x 592.38847pt.

LaTeX Warning: `!h' float specifier changed to `!ht'.

) (Chapters/3_3BenchmarkEMT.tex

File: ./Icones-ETSEIB-UPC/ETSEIB.png Graphic file (type png)
<use ./Icones-ETSEIB-UPC/ETSEIB.png>
Package pdftex.def Info: ./Icones-ETSEIB-UPC/ETSEIB.png  used on input line 56.
(pdftex.def)             Requested size: 35.83324pt x 45.16794pt.
[84]

File: ./Icones-ETSEIB-UPC/ETSEIB.png Graphic file (type png)
<use ./Icones-ETSEIB-UPC/ETSEIB.png>
Package pdftex.def Info: ./Icones-ETSEIB-UPC/ETSEIB.png  used on input line 56.
(pdftex.def)             Requested size: 35.83324pt x 45.16794pt.
[85]

LaTeX Warning: Text page 86 contains only floats.



File: ./Icones-ETSEIB-UPC/ETSEIB.png Graphic file (type png)
<use ./Icones-ETSEIB-UPC/ETSEIB.png>
Package pdftex.def Info: ./Icones-ETSEIB-UPC/ETSEIB.png  used on input line 56.
(pdftex.def)             Requested size: 35.83324pt x 45.16794pt.
[86 <./inkscape_svg/block_diagram_run_EMTP.pdf>]
<figures/generator_load_1bus_rload3pu/voltages_currents.pdf, id=1286, 845.1575pt x 512.91624pt>
File: figures/generator_load_1bus_rload3pu/voltages_currents.pdf Graphic file (type pdf)
<use figures/generator_load_1bus_rload3pu/voltages_currents.pdf>
Package pdftex.def Info: figures/generator_load_1bus_rload3pu/voltages_currents.pdf  used on input line 66.
(pdftex.def)             Requested size: 455.24411pt x 276.28975pt.
<figures/generator_load_1bus_rload3pu/theta.pdf, id=1289, 732.7375pt x 416.55624pt>
File: figures/generator_load_1bus_rload3pu/theta.pdf Graphic file (type pdf)
<use figures/generator_load_1bus_rload3pu/theta.pdf>
Package pdftex.def Info: figures/generator_load_1bus_rload3pu/theta.pdf  used on input line 81.
(pdftex.def)             Requested size: 218.51521pt x 124.22417pt.
<figures/generator_load_1bus_rload3pu/omega.pdf, id=1290, 756.8275pt x 431.6125pt>
File: figures/generator_load_1bus_rload3pu/omega.pdf Graphic file (type pdf)
<use figures/generator_load_1bus_rload3pu/omega.pdf>
Package pdftex.def Info: figures/generator_load_1bus_rload3pu/omega.pdf  used on input line 87.
(pdftex.def)             Requested size: 218.51521pt x 124.61778pt.


File: ./Icones-ETSEIB-UPC/ETSEIB.png Graphic file (type png)
<use ./Icones-ETSEIB-UPC/ETSEIB.png>
Package pdftex.def Info: ./Icones-ETSEIB-UPC/ETSEIB.png  used on input line 98.
(pdftex.def)             Requested size: 35.83324pt x 45.16794pt.
[87 <./figures/generator_load_1bus_rload3pu/voltages_currents.pdf>]
<figures/generator_load_1bus_rload3pu/torques.pdf, id=1515, 722.7pt x 411.5375pt>
File: figures/generator_load_1bus_rload3pu/torques.pdf Graphic file (type pdf)
<use figures/generator_load_1bus_rload3pu/torques.pdf>
Package pdftex.def Info: figures/generator_load_1bus_rload3pu/torques.pdf  used on input line 103.
(pdftex.def)             Requested size: 218.51521pt x 124.42924pt.
<figures/generator_load_1bus_rload3pu/power.pdf, id=1516, 732.7375pt x 405.515pt>
File: figures/generator_load_1bus_rload3pu/power.pdf Graphic file (type pdf)
<use figures/generator_load_1bus_rload3pu/power.pdf>
Package pdftex.def Info: figures/generator_load_1bus_rload3pu/power.pdf  used on input line 109.
(pdftex.def)             Requested size: 218.51521pt x 120.93147pt.
<figures/generator_load_1bus_rload3pu/derivatives.pdf, id=1518, 842.14626pt x 503.8825pt>
File: figures/generator_load_1bus_rload3pu/derivatives.pdf Graphic file (type pdf)
<use figures/generator_load_1bus_rload3pu/derivatives.pdf>
Package pdftex.def Info: figures/generator_load_1bus_rload3pu/derivatives.pdf  used on input line 121.
(pdftex.def)             Requested size: 455.24411pt x 272.39235pt.


LaTeX Warning: `!h' float specifier changed to `!ht'.



File: ./Icones-ETSEIB-UPC/ETSEIB.png Graphic file (type png)
<use ./Icones-ETSEIB-UPC/ETSEIB.png>
Package pdftex.def Info: ./Icones-ETSEIB-UPC/ETSEIB.png  used on input line 175.
(pdftex.def)             Requested size: 35.83324pt x 45.16794pt.
[88 <./figures/generator_load_1bus_rload3pu/theta.pdf> <./figures/generator_load_1bus_rload3pu/omega.pdf

pdfTeX warning: pdflatex (file ./figures/generator_load_1bus_rload3pu/omega.pdf): PDF inclusion: multiple pdfs with page group included in a single page
> <./figures/generator_load_1bus_rload3pu/torques.pdf

pdfTeX warning: pdflatex (file ./figures/generator_load_1bus_rload3pu/torques.pdf): PDF inclusion: multiple pdfs with page group included in a single page
> <./figures/generator_load_1bus_rload3pu/power.pdf

pdfTeX warning: pdflatex (file ./figures/generator_load_1bus_rload3pu/power.pdf): PDF inclusion: multiple pdfs with page group included in a single page
>]
<inkscape_svg/line_test_eq_circuit.pdf, id=1704, 256.96pt x 67.25125pt>
File: inkscape_svg/line_test_eq_circuit.pdf Graphic file (type pdf)
<use inkscape_svg/line_test_eq_circuit.pdf>
Package pdftex.def Info: inkscape_svg/line_test_eq_circuit.pdf  used on input line 180.
(pdftex.def)             Requested size: 364.19667pt x 95.32501pt.


File: ./Icones-ETSEIB-UPC/ETSEIB.png Graphic file (type png)
<use ./Icones-ETSEIB-UPC/ETSEIB.png>
Package pdftex.def Info: ./Icones-ETSEIB-UPC/ETSEIB.png  used on input line 196.
(pdftex.def)             Requested size: 35.83324pt x 45.16794pt.
[89 <./figures/generator_load_1bus_rload3pu/derivatives.pdf> <./inkscape_svg/line_test_eq_circuit.pdf

pdfTeX warning: pdflatex (file ./inkscape_svg/line_test_eq_circuit.pdf): PDF inclusion: multiple pdfs with page group included in a single page
>]

File: ./Icones-ETSEIB-UPC/ETSEIB.png Graphic file (type png)
<use ./Icones-ETSEIB-UPC/ETSEIB.png>
Package pdftex.def Info: ./Icones-ETSEIB-UPC/ETSEIB.png  used on input line 196.
(pdftex.def)             Requested size: 35.83324pt x 45.16794pt.
[90]
<figures/vsource_line_3ph/Voltages_matched.pdf, id=2013, 867.24pt x 433.62pt>
File: figures/vsource_line_3ph/Voltages_matched.pdf Graphic file (type pdf)
<use figures/vsource_line_3ph/Voltages_matched.pdf>
Package pdftex.def Info: figures/vsource_line_3ph/Voltages_matched.pdf  used on input line 213.
(pdftex.def)             Requested size: 364.19667pt x 182.0993pt.
<figures/vsource_line_3ph/line_currents_matched.pdf, id=2014, 867.24pt x 433.62pt>
File: figures/vsource_line_3ph/line_currents_matched.pdf Graphic file (type pdf)
<use figures/vsource_line_3ph/line_currents_matched.pdf>
Package pdftex.def Info: figures/vsource_line_3ph/line_currents_matched.pdf  used on input line 219.
(pdftex.def)             Requested size: 364.19667pt x 182.0993pt.


LaTeX Warning: `!h' float specifier changed to `!ht'.

)

File: ./Icones-ETSEIB-UPC/ETSEIB.png Graphic file (type png)
<use ./Icones-ETSEIB-UPC/ETSEIB.png>
Package pdftex.def Info: ./Icones-ETSEIB-UPC/ETSEIB.png  used on input line 110.
(pdftex.def)             Requested size: 35.83324pt x 45.16794pt.
[91 <./figures/vsource_line_3ph/Voltages_matched.pdf>]

File: ./Icones-ETSEIB-UPC/ETSEIB.png Graphic file (type png)
<use ./Icones-ETSEIB-UPC/ETSEIB.png>
Package pdftex.def Info: ./Icones-ETSEIB-UPC/ETSEIB.png  used on input line 112.
(pdftex.def)             Requested size: 35.83324pt x 45.16794pt.
[92 <./figures/vsource_line_3ph/line_currents_matched.pdf>] (Chapters/Environment.tex
Overfull \hbox (4.21616pt too wide) in paragraph at lines 10--18
\T1/qpl/m/n/10.95 phys-i-cal in-fras-truc-ture, it nonethe-less car-ries mean-ing-ful en-vi-ron-men-tal im-pli-ca-tions. Ad-vanced
 []



File: ./Icones-ETSEIB-UPC/ETSEIB.png Graphic file (type png)
<use ./Icones-ETSEIB-UPC/ETSEIB.png>
Package pdftex.def Info: ./Icones-ETSEIB-UPC/ETSEIB.png  used on input line 37.
(pdftex.def)             Requested size: 35.83324pt x 45.16794pt.
[93


]

File: ./Icones-ETSEIB-UPC/ETSEIB.png Graphic file (type png)
<use ./Icones-ETSEIB-UPC/ETSEIB.png>
Package pdftex.def Info: ./Icones-ETSEIB-UPC/ETSEIB.png  used on input line 85.
(pdftex.def)             Requested size: 35.83324pt x 45.16794pt.
[94]
Overfull \hbox (8.28836pt too wide) in paragraph at lines 116--122
\T1/qpl/m/n/10.95 per em-ployee [[][]28[][]]. The cor-re-spond-ing con-tri-bu-tion of 5 months is be-tween 625 and 833 kgCO$[]$ eq.
 []

) (Chapters/GenderSocial.tex

File: ./Icones-ETSEIB-UPC/ETSEIB.png Graphic file (type png)
<use ./Icones-ETSEIB-UPC/ETSEIB.png>
Package pdftex.def Info: ./Icones-ETSEIB-UPC/ETSEIB.png  used on input line 22.
(pdftex.def)             Requested size: 35.83324pt x 45.16794pt.
[95]

File: ./Icones-ETSEIB-UPC/ETSEIB.png Graphic file (type png)
<use ./Icones-ETSEIB-UPC/ETSEIB.png>
Package pdftex.def Info: ./Icones-ETSEIB-UPC/ETSEIB.png  used on input line 53.
(pdftex.def)             Requested size: 35.83324pt x 45.16794pt.
[96])

File: ./Icones-ETSEIB-UPC/ETSEIB.png Graphic file (type png)
<use ./Icones-ETSEIB-UPC/ETSEIB.png>
Package pdftex.def Info: ./Icones-ETSEIB-UPC/ETSEIB.png  used on input line 117.
(pdftex.def)             Requested size: 35.83324pt x 45.16794pt.
[97]

[98


] (Chapters/Budget.tex

File: ./Icones-ETSEIB-UPC/ETSEIB.png Graphic file (type png)
<use ./Icones-ETSEIB-UPC/ETSEIB.png>
Package pdftex.def Info: ./Icones-ETSEIB-UPC/ETSEIB.png  used on input line 97.
(pdftex.def)             Requested size: 35.83324pt x 45.16794pt.
[99])

File: ./Icones-ETSEIB-UPC/ETSEIB.png Graphic file (type png)
<use ./Icones-ETSEIB-UPC/ETSEIB.png>
Package pdftex.def Info: ./Icones-ETSEIB-UPC/ETSEIB.png  used on input line 122.
(pdftex.def)             Requested size: 35.83324pt x 45.16794pt.
[100]

File: ./Icones-ETSEIB-UPC/ETSEIB.png Graphic file (type png)
<use ./Icones-ETSEIB-UPC/ETSEIB.png>
Package pdftex.def Info: ./Icones-ETSEIB-UPC/ETSEIB.png  used on input line 122.
(pdftex.def)             Requested size: 35.83324pt x 45.16794pt.
[101] (Chapters/Gantt.tex) (Chapters/Conclusion.tex

File: ./Icones-ETSEIB-UPC/ETSEIB.png Graphic file (type png)
<use ./Icones-ETSEIB-UPC/ETSEIB.png>
Package pdftex.def Info: ./Icones-ETSEIB-UPC/ETSEIB.png  used on input line 11.
(pdftex.def)             Requested size: 35.83324pt x 45.16794pt.
[102])

File: ./Icones-ETSEIB-UPC/ETSEIB.png Graphic file (type png)
<use ./Icones-ETSEIB-UPC/ETSEIB.png>
Package pdftex.def Info: ./Icones-ETSEIB-UPC/ETSEIB.png  used on input line 128.
(pdftex.def)             Requested size: 35.83324pt x 45.16794pt.
[103] (Chapters/Acknowledgements.tex)

File: ./Icones-ETSEIB-UPC/ETSEIB.png Graphic file (type png)
<use ./Icones-ETSEIB-UPC/ETSEIB.png>
Package pdftex.def Info: ./Icones-ETSEIB-UPC/ETSEIB.png  used on input line 135.
(pdftex.def)             Requested size: 35.83324pt x 45.16794pt.
[104]
Overfull \hbox (0.71935pt too wide) in paragraph at lines 142--142
[]\T1/qpl/m/n/10.95 C. L. Fortes-cue, ^^P  Method of sym-met-ri-cal co-ordinates ap-plied to the so-lu-tion of polyphase
 []


Overfull \hbox (7.16777pt too wide) in paragraph at lines 142--142
\T1/qpl/m/n/10.95 net-works,^^Q \T1/qpl/m/it/10.95 Trans-ac-tions of the Amer-i-can In-sti-tute of Elec-tri-cal En-gi-neers\T1/qpl/m/n/10.95 , vol. 37, no. 2, pp. 1027^^U
 []



File: ./Icones-ETSEIB-UPC/ETSEIB.png Graphic file (type png)
<use ./Icones-ETSEIB-UPC/ETSEIB.png>
Package pdftex.def Info: ./Icones-ETSEIB-UPC/ETSEIB.png  used on input line 141.
(pdftex.def)             Requested size: 35.83324pt x 45.16794pt.
[105




{C:/Users/maria/AppData/Local/Programs/MiKTeX/fonts/enc/dvips/tex-gyre/q-ec-sc.enc}]
Overfull \hbox (3.92pt too wide) in paragraph at lines 142--142
[]\T1/qpl/m/n/10.95 L. Tes-fat-sion, \T1/qpl/m/it/10.95 Open source soft-ware for elec-tric power in-dus-try\T1/qpl/m/n/10.95 , n.d. [On-line]. Avail-able: [][]$\T1/cmtt/m/n/10.95 https :
 []



File: ./Icones-ETSEIB-UPC/ETSEIB.png Graphic file (type png)
<use ./Icones-ETSEIB-UPC/ETSEIB.png>
Package pdftex.def Info: ./Icones-ETSEIB-UPC/ETSEIB.png  used on input line 141.
(pdftex.def)             Requested size: 35.83324pt x 45.16794pt.
[106]
Overfull \hbox (14.29912pt too wide) in paragraph at lines 142--142
[]\T1/qpl/m/n/10.95 European Com-mis-sion, ^^P  Open sci-ence, open in-no-va-tion and open to the world,^^Q Directorate-
 []



File: ./Icones-ETSEIB-UPC/ETSEIB.png Graphic file (type png)
<use ./Icones-ETSEIB-UPC/ETSEIB.png>
Package pdftex.def Info: ./Icones-ETSEIB-UPC/ETSEIB.png  used on input line 142.
(pdftex.def)             Requested size: 35.83324pt x 45.16794pt.
[107] (Main.aux)
 ***********
LaTeX2e <2025-06-01> patch level 1
L3 programming layer <2025-09-02>
 ***********


LaTeX Warning: There were undefined references.


LaTeX Warning: There were multiply-defined labels.

Package rerunfilecheck Info: File `Main.out' has not changed.
(rerunfilecheck)             Checksum: 3FB748543A2EE2A38836DC793F256D33;10184.
Package logreq Info: Writing requests to 'Main.run.xml'.
\openout1 = `Main.run.xml'.

 ) 
Here is how much of TeX's memory you used:
 73706 strings out of 468130
 1846162 string characters out of 5430633
 3121574 words of memory out of 5000000
 100938 multiletter control sequences out of 15000+600000
 690242 words of font info for 105 fonts, out of 8000000 for 9000
 1141 hyphenation exceptions out of 8191
 123i,17n,121p,1247b,3285s stack positions out of 10000i,1000n,20000p,200000b,200000s
<C:/Users/maria/AppData/Local/Programs/MiKTeX/fonts/type1/public/amsfonts/cm/cmbx10.pfb><C:/Users/maria/AppData/Local/Programs/MiKTeX/fonts/type1/public/amsfonts/cm/cmex10.pfb><C:/Users/maria/AppData/Local/Programs/MiKTeX/fonts/type1/public/amsfonts/cm/cmmi10.pfb><C:/Users/maria/AppData/Local/Programs/MiKTeX/fonts/type1/public/amsfonts/cm/cmmi6.pfb><C:/Users/maria/AppData/Local/Programs/MiKTeX/fonts/type1/public/amsfonts/cm/cmmi7.pfb><C:/Users/maria/AppData/Local/Programs/MiKTeX/fonts/type1/public/amsfonts/cm/cmmi8.pfb><C:/Users/maria/AppData/Local/Programs/MiKTeX/fonts/type1/public/amsfonts/cm/cmmib10.pfb><C:/Users/maria/AppData/Local/Programs/MiKTeX/fonts/type1/public/amsfonts/cm/cmr10.pfb><C:/Users/maria/AppData/Local/Programs/MiKTeX/fonts/type1/public/amsfonts/cm/cmr6.pfb><C:/Users/maria/AppData/Local/Programs/MiKTeX/fonts/type1/public/amsfonts/cm/cmr7.pfb><C:/Users/maria/AppData/Local/Programs/MiKTeX/fonts/type1/public/amsfonts/cm/cmr8.pfb><C:/Users/maria/AppData/Local/Programs/MiKTeX/fonts/type1/public/amsfonts/cm/cmsy10.pfb><C:/Users/maria/AppData/Local/Programs/MiKTeX/fonts/type1/public/amsfonts/cm/cmsy6.pfb><C:/Users/maria/AppData/Local/Programs/MiKTeX/fonts/type1/public/amsfonts/cm/cmsy8.pfb><C:/Users/maria/AppData/Local/Programs/MiKTeX/fonts/type1/public/amsfonts/symbols/msbm10.pfb><C:/Users/maria/AppData/Local/Programs/MiKTeX/fonts/type1/public/tex-gyre/qplb.pfb><C:/Users/maria/AppData/Local/Programs/MiKTeX/fonts/type1/public/tex-gyre/qplr.pfb><C:/Users/maria/AppData/Local/Programs/MiKTeX/fonts/type1/public/tex-gyre/qplri.pfb><C:/Users/maria/AppData/Local/Programs/MiKTeX/fonts/type1/public/cm-super/sftt1095.pfb>
Output written on Main.pdf (109 pages, 2319454 bytes).
PDF statistics:
 2469 PDF objects out of 2487 (max. 8388607)
 397 named destinations out of 1000 (max. 500000)
 674 words of extra memory for PDF output out of 10000 (max. 10000000)

